const unsigned char vocab_out[] = {
  0x00, 0x00, 0x00, 0x00, 0xff, 0xff, 0x00, 0x00, 0x00, 0x00, 0x00, 0x00,
  0x00, 0x00, 0x00, 0x00, 0x00, 0x00, 0xff, 0xff, 0x01, 0x00, 0xff, 0xff,
  0x02, 0x00, 0x00, 0x00, 0x03, 0x00, 0x02, 0x00, 0x04, 0x00, 0x04, 0x00,
  0x04, 0x00, 0x02, 0x00, 0x03, 0x00, 0x02, 0x00, 0x02, 0x00, 0x00, 0x00,
  0x01, 0x00, 0x00, 0x00, 0x01, 0x00, 0xfd, 0xff, 0xff, 0xff, 0xfc, 0xff,
  0xfd, 0xff, 0xfc, 0xff, 0xfd, 0xff, 0xfb, 0xff, 0xfc, 0xff, 0xfc, 0xff,
  0xfd, 0xff, 0xfc, 0xff, 0xfd, 0xff, 0xfd, 0xff, 0x00, 0x00, 0xff, 0xff,
  0x01, 0x00, 0x00, 0x00, 0x03, 0x00, 0x02, 0x00, 0x03, 0x00, 0x02, 0x00,
  0x04, 0x00, 0x02, 0x00, 0x03, 0x00, 0x01, 0x00, 0x02, 0x00, 0x02, 0x00,
  0x02, 0x00, 0x00, 0x00, 0x00, 0x00, 0xff, 0xff, 0x01, 0x00, 0x00, 0x00,
  0x00, 0x00, 0xff, 0xff, 0x00, 0x00, 0x00, 0x00, 0x00, 0x00, 0xfd, 0xff,
  0xff, 0xff, 0xfd, 0xff, 0x01, 0x00, 0xfd, 0xff, 0xff, 0xff, 0xfd, 0xff,
  0x00, 0x00, 0x00, 0x00, 0x02, 0x00, 0xfe, 0xff, 0x01, 0x00, 0xff, 0xff,
  0x01, 0x00, 0x01, 0x00, 0x01, 0x00, 0xfe, 0xff, 0x03, 0x00, 0xff, 0xff,
  0x01, 0x00, 0xff, 0xff, 0x01, 0x00, 0x00, 0x00, 0x01, 0x00, 0xff, 0xff,
  0x02, 0x00, 0x00, 0x00, 0x02, 0x00, 0x00, 0x00, 0x01, 0x00, 0x00, 0x00,
  0x02, 0x00, 0x00, 0x00, 0x02, 0x00, 0xff, 0xff, 0x00, 0x00, 0xff, 0xff,
  0x01, 0x00, 0x00, 0x00, 0x01, 0x00, 0xff, 0xff, 0x01, 0x00, 0x00, 0x00,
  0x01, 0x00, 0xfe, 0xff, 0x00, 0x00, 0xfd, 0xff, 0x00, 0x00, 0xfe, 0xff,
  0x00, 0x00, 0xfd, 0xff, 0x00, 0x00, 0xfe, 0xff, 0x00, 0x00, 0xfe, 0xff,
  0x01, 0x00, 0xfd, 0xff, 0x00, 0x00, 0xfe, 0xff, 0x04, 0x00, 0x01, 0x00,
  0x02, 0x00, 0xff, 0xff, 0x03, 0x00, 0x01, 0x00, 0x02, 0x00, 0x00, 0x00,
  0x02, 0x00, 0x00, 0x00, 0x03, 0x00, 0x00, 0x00, 0x04, 0x00, 0x00, 0x00,
  0x05, 0x00, 0x00, 0x00, 0x03, 0x00, 0xfe, 0xff, 0x00, 0x00, 0x00, 0x00,
  0x01, 0x00, 0x00, 0x00, 0x03, 0x00, 0x00, 0x00, 0x00, 0x00, 0xfe, 0xff,
  0xfd, 0xff, 0xfb, 0xff, 0x00, 0x00, 0xfd, 0xff, 0xfa, 0xff, 0xfa, 0xff,
  0xfd, 0xff, 0xf8, 0xff, 0xfb, 0xff, 0xf8, 0xff, 0xfc, 0xff, 0xfc, 0xff,
  0xfe, 0xff, 0xfd, 0xff, 0x04, 0x00, 0x01, 0x00, 0x08, 0x00, 0x09, 0x00,
  0x06, 0x00, 0x05, 0x00, 0x0c, 0x00, 0x04, 0x00, 0x07, 0x00, 0x06, 0x00,
  0x0c, 0x00, 0x06, 0x00, 0x05, 0x00, 0xfc, 0xff, 0x00, 0x00, 0xf9, 0xff,
  0xfd, 0xff, 0xf7, 0xff, 0xf4, 0xff, 0xf2, 0xff, 0xf8, 0xff, 0xf9, 0xff,
  0xf9, 0xff, 0xf4, 0xff, 0xfc, 0xff, 0xfb, 0xff, 0xff, 0xff, 0xfc, 0xff,
  0xff, 0xff, 0xff, 0xff, 0x08, 0x00, 0x07, 0x00, 0x0d, 0x00, 0x0c, 0x00,
  0x0b, 0x00, 0x0b, 0x00, 0x11, 0x00, 0x0b, 0x00, 0x0c, 0x00, 0x08, 0x00,
  0x08, 0x00, 0x03, 0x00, 0x04, 0x00, 0x00, 0x00, 0xfe, 0xff, 0xf9, 0xff,
  0xfb, 0xff, 0xf7, 0xff, 0xfa, 0xff, 0xf1, 0xff, 0xf5, 0xff, 0xf2, 0xff,
  0xf8, 0xff, 0xf3, 0xff, 0xf8, 0xff, 0xf9, 0xff, 0xf7, 0xff, 0xf8, 0xff,
  0x00, 0x00, 0x00, 0x00, 0xff, 0xff, 0xff, 0xff, 0x03, 0x00, 0x04, 0x00,
  0x08, 0x00, 0x06, 0x00, 0x0c, 0x00, 0x05, 0x00, 0x08, 0x00, 0x03, 0x00,
  0x09, 0x00, 0x07, 0x00, 0x09, 0x00, 0x07, 0x00, 0x03, 0x00, 0xfd, 0xff,
  0x03, 0x00, 0x00, 0x00, 0xfc, 0xff, 0xf7, 0xff, 0x00, 0x00, 0xf7, 0xff,
  0xfb, 0xff, 0xf7, 0xff, 0xf5, 0xff, 0xfc, 0xff, 0xfb, 0xff, 0xf6, 0xff,
  0xfe, 0xff, 0xfa, 0xff, 0x00, 0x00, 0x01, 0x00, 0x04, 0x00, 0xfe, 0xff,
  0x07, 0x00, 0x07, 0x00, 0x08, 0x00, 0x00, 0x00, 0x08, 0x00, 0x0a, 0x00,
  0x13, 0x00, 0x0d, 0x00, 0x11, 0x00, 0x0d, 0x00, 0x0a, 0x00, 0x03, 0x00,
  0x05, 0x00, 0xfe, 0xff, 0x02, 0x00, 0xf9, 0xff, 0xfd, 0xff, 0xfb, 0xff,
  0xf9, 0xff, 0xf8, 0xff, 0xf7, 0xff, 0xf2, 0xff, 0xf8, 0xff, 0xf0, 0xff,
  0xf5, 0xff, 0xf0, 0xff, 0xfe, 0xff, 0xf2, 0xff, 0xfb, 0xff, 0xfd, 0xff,
  0x06, 0x00, 0x04, 0x00, 0x01, 0x00, 0x00, 0x00, 0x06, 0x00, 0x0a, 0x00,
  0x09, 0x00, 0xfc, 0xff, 0x0b, 0x00, 0x17, 0x00, 0x13, 0x00, 0xf6, 0xff,
  0x09, 0x00, 0x05, 0x00, 0xfe, 0xff, 0xf6, 0xff, 0x02, 0x00, 0x03, 0x00,
  0xfc, 0xff, 0xf0, 0xff, 0xfd, 0xff, 0xf1, 0xff, 0xf2, 0xff, 0xf0, 0xff,
  0xf9, 0xff, 0xfc, 0xff, 0x01, 0x00, 0xfc, 0xff, 0x03, 0x00, 0x02, 0x00,
  0x02, 0x00, 0xff, 0xff, 0x00, 0x00, 0x01, 0x00, 0x12, 0x00, 0x11, 0x00,
  0x12, 0x00, 0x0e, 0x00, 0x10, 0x00, 0x08, 0x00, 0x02, 0x00, 0x02, 0x00,
  0x0e, 0x00, 0x0a, 0x00, 0x06, 0x00, 0xfe, 0xff, 0x00, 0x00, 0x04, 0x00,
  0xf4, 0xff, 0xeb, 0xff, 0xf7, 0xff, 0xed, 0xff, 0xf3, 0xff, 0xf5, 0xff,
  0xfa, 0xff, 0xf4, 0xff, 0xf7, 0xff, 0xf3, 0xff, 0xfa, 0xff, 0xee, 0xff,
  0xf3, 0xff, 0xf5, 0xff, 0x06, 0x00, 0x06, 0x00, 0x09, 0x00, 0x08, 0x00,
  0x16, 0x00, 0x12, 0x00, 0x0a, 0x00, 0x08, 0x00, 0x12, 0x00, 0x0e, 0x00,
  0x0b, 0x00, 0x04, 0x00, 0x07, 0x00, 0xff, 0xff, 0x03, 0x00, 0xfe, 0xff,
  0xff, 0xff, 0x03, 0x00, 0x00, 0x00, 0xfd, 0xff, 0x02, 0x00, 0xf9, 0xff,
  0xff, 0xff, 0xf3, 0xff, 0xfc, 0xff, 0xf8, 0xff, 0xf2, 0xff, 0xf4, 0xff,
  0xf1, 0xff, 0xf2, 0xff, 0x00, 0x00, 0xf8, 0xff, 0x03, 0x00, 0x02, 0x00,
  0x00, 0x00, 0xf8, 0xff, 0x07, 0x00, 0x01, 0x00, 0x0b, 0x00, 0x08, 0x00,
  0x05, 0x00, 0x03, 0x00, 0x0c, 0x00, 0x00, 0x00, 0x05, 0x00, 0x02, 0x00,
  0x05, 0x00, 0x03, 0x00, 0x06, 0x00, 0x0b, 0x00, 0x05, 0x00, 0x05, 0x00,
  0x03, 0x00, 0xfb, 0xff, 0xff, 0xff, 0xf8, 0xff, 0x04, 0x00, 0xfe, 0xff,
  0x04, 0x00, 0x04, 0x00, 0xf7, 0xff, 0xf2, 0xff, 0xf5, 0xff, 0xf9, 0xff,
  0xf9, 0xff, 0xfd, 0xff, 0xff, 0xff, 0xfa, 0xff, 0x00, 0x00, 0xf8, 0xff,
  0xff, 0xff, 0xf8, 0xff, 0x00, 0x00, 0xfc, 0xff, 0xfc, 0xff, 0x00, 0x00,
  0x01, 0x00, 0x00, 0x00, 0x02, 0x00, 0xfd, 0xff, 0xff, 0xff, 0xfe, 0xff,
  0x05, 0x00, 0xfd, 0xff, 0x07, 0x00, 0x05, 0x00, 0x00, 0x00, 0xf8, 0xff,
  0x05, 0x00, 0xfc, 0xff, 0x00, 0x00, 0xfa, 0xff, 0xfb, 0xff, 0x01, 0x00,
  0x0e, 0x00, 0x08, 0x00, 0x0d, 0x00, 0x04, 0x00, 0x13, 0x00, 0x02, 0x00,
  0x0a, 0x00, 0x04, 0x00, 0x0d, 0x00, 0x15, 0x00, 0xf9, 0xff, 0x03, 0x00,
  0x00, 0x00, 0x01, 0x00, 0xfe, 0xff, 0x04, 0x00, 0x00, 0x00, 0xfe, 0xff,
  0xfe, 0xff, 0xf4, 0xff, 0xfb, 0xff, 0xf0, 0xff, 0xec, 0xff, 0xf0, 0xff,
  0xfd, 0xff, 0xfa, 0xff, 0xf5, 0xff, 0xf8, 0xff, 0x00, 0x00, 0xfc, 0xff,
  0xf0, 0xff, 0xf6, 0xff, 0xf8, 0xff, 0xfe, 0xff, 0x01, 0x00, 0x05, 0x00,
  0x07, 0x00, 0x05, 0x00, 0x06, 0x00, 0x0c, 0x00, 0x05, 0x00, 0x0b, 0x00,
  0x0e, 0x00, 0x10, 0x00, 0x0f, 0x00, 0x06, 0x00, 0x09, 0x00, 0x02, 0x00,
  0xfe, 0xff, 0x04, 0x00, 0x00, 0x00, 0xfc, 0xff, 0xfe, 0xff, 0xfe, 0xff,
  0xff, 0xff, 0xfc, 0xff, 0xfc, 0xff, 0xf1, 0xff, 0xff, 0xff, 0xf5, 0xff,
  0xf2, 0xff, 0xfb, 0xff, 0xfa, 0xff, 0xfe, 0xff, 0x09, 0x00, 0xfe, 0xff,
  0xfd, 0xff, 0xfa, 0xff, 0x09, 0x00, 0x0b, 0x00, 0x02, 0x00, 0x03, 0x00,
  0x0f, 0x00, 0x01, 0x00, 0xff, 0xff, 0x06, 0x00, 0x09, 0x00, 0x0b, 0x00,
  0x07, 0x00, 0x03, 0x00, 0x0c, 0x00, 0x09, 0x00, 0x06, 0x00, 0xfe, 0xff,
  0xfd, 0xff, 0x04, 0x00, 0xfa, 0xff, 0xf8, 0xff, 0xfb, 0xff, 0x00, 0x00,
  0xf8, 0xff, 0xef, 0xff, 0xfb, 0xff, 0xf5, 0xff, 0xf7, 0xff, 0xf1, 0xff,
  0xf0, 0xff, 0x00, 0x00, 0xfd, 0xff, 0xf3, 0xff, 0xff, 0xff, 0x03, 0x00,
  0xfd, 0xff, 0xf8, 0xff, 0x02, 0x00, 0xff, 0xff, 0x09, 0x00, 0xff, 0xff,
  0x09, 0x00, 0x05, 0x00, 0x0c, 0x00, 0x08, 0x00, 0x07, 0x00, 0x0b, 0x00,
  0x07, 0x00, 0x04, 0x00, 0x0c, 0x00, 0x01, 0x00, 0x04, 0x00, 0x03, 0x00,
  0x03, 0x00, 0xfa, 0xff, 0xfd, 0xff, 0xfd, 0xff, 0xf7, 0xff, 0xfe, 0xff,
  0x04, 0x00, 0xfc, 0xff, 0x08, 0x00, 0x02, 0x00, 0x00, 0x00, 0x00, 0x00,
  0xf7, 0xff, 0x01, 0x00, 0x04, 0x00, 0x00, 0x00, 0xfe, 0xff, 0xf9, 0xff,
  0x05, 0x00, 0xfe, 0xff, 0x01, 0x00, 0xf9, 0xff, 0xfe, 0xff, 0xfc, 0xff,
  0xff, 0xff, 0xfc, 0xff, 0x00, 0x00, 0x00, 0x00, 0xfc, 0xff, 0x00, 0x00,
  0x03, 0x00, 0x00, 0x00, 0xfd, 0xff, 0x04, 0x00, 0x01, 0x00, 0x04, 0x00,
  0x02, 0x00, 0x00, 0x00, 0xfe, 0xff, 0xfd, 0xff, 0x05, 0x00, 0xfe, 0xff,
  0x00, 0x00, 0x00, 0x00, 0x05, 0x00, 0x03, 0x00, 0xfe, 0xff, 0x04, 0x00,
  0x00, 0x00, 0xff, 0xff, 0xf4, 0xff, 0xfb, 0xff, 0x01, 0x00, 0xff, 0xff,
  0xfa, 0xff, 0x01, 0x00, 0x02, 0x00, 0x00, 0x00, 0xfc, 0xff, 0x03, 0x00,
  0x01, 0x00, 0x03, 0x00, 0x00, 0x00, 0x01, 0x00, 0x08, 0x00, 0x07, 0x00,
  0xff, 0xff, 0xfd, 0xff, 0x01, 0x00, 0x00, 0x00, 0x07, 0x00, 0x00, 0x00,
  0x0a, 0x00, 0x08, 0x00, 0x06, 0x00, 0xfe, 0xff, 0x01, 0x00, 0xfd, 0xff,
  0xfe, 0xff, 0xfb, 0xff, 0xf8, 0xff, 0xfe, 0xff, 0xfe, 0xff, 0xfc, 0xff,
  0xfb, 0xff, 0xfd, 0xff, 0xfb, 0xff, 0xf5, 0xff, 0xfb, 0xff, 0xfc, 0xff,
  0xff, 0xff, 0x03, 0x00, 0x00, 0x00, 0x00, 0x00, 0x05, 0x00, 0xff, 0xff,
  0x00, 0x00, 0x01, 0x00, 0x07, 0x00, 0xfe, 0xff, 0xfc, 0xff, 0x04, 0x00,
  0x03, 0x00, 0x02, 0x00, 0x02, 0x00, 0x04, 0x00, 0x08, 0x00, 0x01, 0x00,
  0xfe, 0xff, 0x00, 0x00, 0x0d, 0x00, 0x01, 0x00, 0x00, 0x00, 0xfd, 0xff,
  0x0a, 0x00, 0x03, 0x00, 0xfb, 0xff, 0xfd, 0xff, 0xfc, 0xff, 0xfc, 0xff,
  0xf8, 0xff, 0x02, 0x00, 0x01, 0x00, 0xfd, 0xff, 0xff, 0xff, 0x04, 0x00,
  0x03, 0x00, 0xfd, 0xff, 0xfb, 0xff, 0xff, 0xff, 0xfe, 0xff, 0xfa, 0xff,
  0xfb, 0xff, 0xf6, 0xff, 0x04, 0x00, 0x0b, 0x00, 0xff, 0xff, 0xfc, 0xff,
  0xfa, 0xff, 0xfc, 0xff, 0xfe, 0xff, 0x00, 0x00, 0x04, 0x00, 0x03, 0x00,
  0x00, 0x00, 0x04, 0x00, 0x06, 0x00, 0xfc, 0xff, 0x04, 0x00, 0x00, 0x00,
  0x06, 0x00, 0x02, 0x00, 0x05, 0x00, 0xfd, 0xff, 0x04, 0x00, 0x00, 0x00,
  0x04, 0x00, 0x02, 0x00, 0x05, 0x00, 0x04, 0x00, 0xfe, 0xff, 0xff, 0xff,
  0x00, 0x00, 0x01, 0x00, 0xfe, 0xff, 0x00, 0x00, 0x00, 0x00, 0xfd, 0xff,
  0x04, 0x00, 0x01, 0x00, 0xfc, 0xff, 0xfe, 0xff, 0xf6, 0xff, 0xf3, 0xff,
  0xfa, 0xff, 0x00, 0x00, 0xfe, 0xff, 0xf6, 0xff, 0x00, 0x00, 0x03, 0x00,
  0xff, 0xff, 0x00, 0x00, 0xfd, 0xff, 0x00, 0x00, 0x02, 0x00, 0x04, 0x00,
  0x00, 0x00, 0x00, 0x00, 0x0b, 0x00, 0x04, 0x00, 0x01, 0x00, 0x00, 0x00,
  0x08, 0x00, 0x06, 0x00, 0x04, 0x00, 0x09, 0x00, 0x00, 0x00, 0x08, 0x00,
  0x05, 0x00, 0xfd, 0xff, 0x00, 0x00, 0x01, 0x00, 0x00, 0x00, 0xf9, 0xff,
  0xfc, 0xff, 0xfe, 0xff, 0x01, 0x00, 0xfe, 0xff, 0xf9, 0xff, 0xf9, 0xff,
  0xff, 0xff, 0xf9, 0xff, 0xf5, 0xff, 0xfb, 0xff, 0xfc, 0xff, 0x00, 0x00,
  0xff, 0xff, 0x04, 0x00, 0x01, 0x00, 0x01, 0x00, 0x03, 0x00, 0x05, 0x00,
  0xfe, 0xff, 0xfc, 0xff, 0xff, 0xff, 0xff, 0xff, 0x02, 0x00, 0x06, 0x00,
  0x06, 0x00, 0x0c, 0x00, 0x09, 0x00, 0x00, 0x00, 0x01, 0x00, 0x06, 0x00,
  0x05, 0x00, 0x06, 0x00, 0xf5, 0xff, 0x00, 0x00, 0x03, 0x00, 0xfb, 0xff,
  0xfc, 0xff, 0xff, 0xff, 0x04, 0x00, 0xfb, 0xff, 0xf9, 0xff, 0xff, 0xff,
  0x04, 0x00, 0xf8, 0xff, 0xf9, 0xff, 0xff, 0xff, 0xfe, 0xff, 0xfd, 0xff,
  0xfa, 0xff, 0x01, 0x00, 0xff, 0xff, 0xf8, 0xff, 0x00, 0x00, 0x00, 0x00,
  0xfe, 0xff, 0x00, 0x00, 0x02, 0x00, 0x02, 0x00, 0x06, 0x00, 0x04, 0x00,
  0x00, 0x00, 0x04, 0x00, 0x04, 0x00, 0x06, 0x00, 0x06, 0x00, 0xff, 0xff,
  0x05, 0x00, 0x02, 0x00, 0x04, 0x00, 0x00, 0x00, 0x04, 0x00, 0x03, 0x00,
  0xfc, 0xff, 0xfb, 0xff, 0xfd, 0xff, 0x00, 0x00, 0xfc, 0xff, 0x01, 0x00,
  0xfc, 0xff, 0x03, 0x00, 0x05, 0x00, 0xfa, 0xff, 0xff, 0xff, 0xf7, 0xff,
  0x03, 0x00, 0x00, 0x00, 0xf9, 0xff, 0x01, 0x00, 0x07, 0x00, 0x00, 0x00,
  0xfd, 0xff, 0x00, 0x00, 0xff, 0xff, 0x07, 0x00, 0x02, 0x00, 0xfb, 0xff,
  0x08, 0x00, 0x00, 0x00, 0xf7, 0xff, 0xf8, 0xff, 0xff, 0xff, 0xfd, 0xff,
  0xf7, 0xff, 0x05, 0x00, 0x0a, 0x00, 0x03, 0x00, 0x05, 0x00, 0x00, 0x00,
  0x02, 0x00, 0x08, 0x00, 0xfc, 0xff, 0xfe, 0xff, 0xf9, 0xff, 0x00, 0x00,
  0xfd, 0xff, 0xfb, 0xff, 0x02, 0x00, 0xfd, 0xff, 0xff, 0xff, 0xfb, 0xff,
  0x03, 0x00, 0x04, 0x00, 0x01, 0x00, 0xff, 0xff, 0x06, 0x00, 0x05, 0x00,
  0x01, 0x00, 0x00, 0x00, 0xfd, 0xff, 0x07, 0x00, 0x0b, 0x00, 0xfc, 0xff,
  0x00, 0x00, 0x03, 0x00, 0xfe, 0xff, 0xf9, 0xff, 0x00, 0x00, 0x01, 0x00,
  0x00, 0x00, 0xfb, 0xff, 0x08, 0x00, 0x05, 0x00, 0xf9, 0xff, 0xfa, 0xff,
  0xf9, 0xff, 0x03, 0x00, 0xff, 0xff, 0xff, 0xff, 0x00, 0x00, 0xff, 0xff,
  0xf8, 0xff, 0xfc, 0xff, 0xfe, 0xff, 0x00, 0x00, 0xfe, 0xff, 0x00, 0x00,
  0x04, 0x00, 0x00, 0x00, 0x04, 0x00, 0xff, 0xff, 0x00, 0x00, 0xfe, 0xff,
  0x00, 0x00, 0x02, 0x00, 0x01, 0x00, 0x00, 0x00, 0x02, 0x00, 0x10, 0x00,
  0x03, 0x00, 0xfd, 0xff, 0x02, 0x00, 0x01, 0x00, 0x08, 0x00, 0x03, 0x00,
  0x06, 0x00, 0x05, 0x00, 0x00, 0x00, 0xfb, 0xff, 0x04, 0x00, 0x07, 0x00,
  0xff, 0xff, 0xfe, 0xff, 0xfd, 0xff, 0xfd, 0xff, 0x02, 0x00, 0xff, 0xff,
  0xfc, 0xff, 0xfa, 0xff, 0x01, 0x00, 0xfe, 0xff, 0x00, 0x00, 0xfe, 0xff,
  0xff, 0xff, 0xfc, 0xff, 0xfc, 0xff, 0xfc, 0xff, 0xf9, 0xff, 0xfa, 0xff,
  0x01, 0x00, 0xff, 0xff, 0xf8, 0xff, 0xfa, 0xff, 0x03, 0x00, 0x00, 0x00,
  0xfc, 0xff, 0xfb, 0xff, 0x00, 0x00, 0x02, 0x00, 0xfd, 0xff, 0x04, 0x00,
  0x03, 0x00, 0x06, 0x00, 0xfd, 0xff, 0xfc, 0xff, 0x07, 0x00, 0x03, 0x00,
  0x03, 0x00, 0x01, 0x00, 0x06, 0x00, 0x07, 0x00, 0x08, 0x00, 0x04, 0x00,
  0x07, 0x00, 0x09, 0x00, 0x07, 0x00, 0x02, 0x00, 0x03, 0x00, 0x04, 0x00,
  0xfe, 0xff, 0xf5, 0xff, 0x01, 0x00, 0x03, 0x00, 0x03, 0x00, 0x00, 0x00,
  0x09, 0x00, 0x02, 0x00, 0xfb, 0xff, 0xf7, 0xff, 0xfa, 0xff, 0xf1, 0xff,
  0xfa, 0xff, 0xfd, 0xff, 0xf8, 0xff, 0xfd, 0xff, 0xfe, 0xff, 0xff, 0xff,
  0xf9, 0xff, 0xfb, 0xff, 0xf9, 0xff, 0x02, 0x00, 0x00, 0x00, 0x01, 0x00,
  0x04, 0x00, 0x06, 0x00, 0x04, 0x00, 0x02, 0x00, 0x06, 0x00, 0x05, 0x00,
  0x02, 0x00, 0x03, 0x00, 0x00, 0x00, 0x01, 0x00, 0x02, 0x00, 0x01, 0x00,
  0xfc, 0xff, 0x00, 0x00, 0x00, 0x00, 0xfe, 0xff, 0xfa, 0xff, 0xfc, 0xff,
  0x05, 0x00, 0xff, 0xff, 0xfc, 0xff, 0x00, 0x00, 0x02, 0x00, 0xfd, 0xff,
  0x02, 0x00, 0x00, 0x00, 0x05, 0x00, 0x04, 0x00, 0xfb, 0xff, 0xfd, 0xff,
  0x03, 0x00, 0x02, 0x00, 0x02, 0x00, 0xfb, 0xff, 0x06, 0x00, 0x03, 0x00,
  0x05, 0x00, 0x00, 0x00, 0x01, 0x00, 0x03, 0x00, 0x00, 0x00, 0x00, 0x00,
  0xfb, 0xff, 0x00, 0x00, 0xfd, 0xff, 0x00, 0x00, 0x01, 0x00, 0x04, 0x00,
  0x00, 0x00, 0x0c, 0x00, 0xfc, 0xff, 0xf7, 0xff, 0xfe, 0xff, 0x00, 0x00,
  0x01, 0x00, 0xfc, 0xff, 0x01, 0x00, 0xfa, 0xff, 0x00, 0x00, 0xfc, 0xff,
  0x00, 0x00, 0xfb, 0xff, 0xfe, 0xff, 0x04, 0x00, 0x00, 0x00, 0x00, 0x00,
  0x01, 0x00, 0x01, 0x00, 0xff, 0xff, 0xfe, 0xff, 0xfa, 0xff, 0xf9, 0xff,
  0xf5, 0xff, 0x05, 0x00, 0x07, 0x00, 0x03, 0x00, 0x03, 0x00, 0x03, 0x00,
  0x03, 0x00, 0x06, 0x00, 0x05, 0x00, 0x01, 0x00, 0x00, 0x00, 0x00, 0x00,
  0xff, 0xff, 0x07, 0x00, 0xff, 0xff, 0x06, 0x00, 0x00, 0x00, 0xff, 0xff,
  0x02, 0x00, 0xff, 0xff, 0x04, 0x00, 0xfd, 0xff, 0xf8, 0xff, 0xfc, 0xff,
  0x00, 0x00, 0xfe, 0xff, 0xff, 0xff, 0x00, 0x00, 0xfe, 0xff, 0xfb, 0xff,
  0x02, 0x00, 0xff, 0xff, 0x02, 0x00, 0xfe, 0xff, 0x05, 0x00, 0x05, 0x00,
  0x00, 0x00, 0x01, 0x00, 0xfd, 0xff, 0x04, 0x00, 0x02, 0x00, 0xfb, 0xff,
  0xfc, 0xff, 0x04, 0x00, 0xfc, 0xff, 0xfe, 0xff, 0x07, 0x00, 0xfd, 0xff,
  0x00, 0x00, 0x00, 0x00, 0xfa, 0xff, 0x00, 0x00, 0x01, 0x00, 0xfb, 0xff,
  0xf9, 0xff, 0xfa, 0xff, 0xf8, 0xff, 0x00, 0x00, 0x00, 0x00, 0x03, 0x00,
  0x06, 0x00, 0x08, 0x00, 0xfa, 0xff, 0x00, 0x00, 0x06, 0x00, 0x02, 0x00,
  0xfe, 0xff, 0x06, 0x00, 0x02, 0x00, 0x05, 0x00, 0x04, 0x00, 0x04, 0x00,
  0x00, 0x00, 0x04, 0x00, 0xfa, 0xff, 0x02, 0x00, 0x01, 0x00, 0xfd, 0xff,
  0x00, 0x00, 0xff, 0xff, 0x01, 0x00, 0x03, 0x00, 0x02, 0x00, 0x00, 0x00,
  0x00, 0x00, 0x07, 0x00, 0x04, 0x00, 0x06, 0x00, 0xfd, 0xff, 0xf7, 0xff,
  0x01, 0x00, 0x00, 0x00, 0xf9, 0xff, 0xf8, 0xff, 0x08, 0x00, 0x00, 0x00,
  0x00, 0x00, 0xff, 0xff, 0x00, 0x00, 0xf9, 0xff, 0xf9, 0xff, 0xf1, 0xff,
  0xf4, 0xff, 0x00, 0x00, 0xff, 0xff, 0x00, 0x00, 0xfd, 0xff, 0x01, 0x00,
  0x00, 0x00, 0x00, 0x00, 0x00, 0x00, 0x01, 0x00, 0x04, 0x00, 0x03, 0x00,
  0x03, 0x00, 0x05, 0x00, 0x09, 0x00, 0x06, 0x00, 0xfe, 0xff, 0x0c, 0x00,
  0x0a, 0x00, 0x06, 0x00, 0x00, 0x00, 0xfb, 0xff, 0xfe, 0xff, 0x03, 0x00,
  0xf7, 0xff, 0xf8, 0xff, 0xfe, 0xff, 0x02, 0x00, 0xf4, 0xff, 0xf5, 0xff,
  0x00, 0x00, 0x01, 0x00, 0xff, 0xff, 0xfc, 0xff, 0xfa, 0xff, 0x00, 0x00,
  0x07, 0x00, 0x09, 0x00, 0x03, 0x00, 0x08, 0x00, 0xfa, 0xff, 0xfd, 0xff,
  0x04, 0x00, 0x03, 0x00, 0xff, 0xff, 0xff, 0xff, 0x00, 0x00, 0x02, 0x00,
  0x0d, 0x00, 0x00, 0x00, 0xff, 0xff, 0x00, 0x00, 0x0d, 0x00, 0x08, 0x00,
  0xff, 0xff, 0xf6, 0xff, 0xf3, 0xff, 0x0b, 0x00, 0x06, 0x00, 0x00, 0x00,
  0xf8, 0xff, 0x03, 0x00, 0x00, 0x00, 0x01, 0x00, 0xf9, 0xff, 0xf6, 0xff,
  0xfe, 0xff, 0x01, 0x00, 0xff, 0xff, 0xfc, 0xff, 0xff, 0xff, 0xfd, 0xff,
  0x05, 0x00, 0x00, 0x00, 0x00, 0x00, 0xfb, 0xff, 0xfd, 0xff, 0x04, 0x00,
  0x0a, 0x00, 0x03, 0x00, 0xfd, 0xff, 0x02, 0x00, 0x02, 0x00, 0xfe, 0xff,
  0xfa, 0xff, 0x00, 0x00, 0xf6, 0xff, 0x00, 0x00, 0x04, 0x00, 0x06, 0x00,
  0x0c, 0x00, 0x05, 0x00, 0x01, 0x00, 0xfc, 0xff, 0xfe, 0xff, 0xfd, 0xff,
  0xfc, 0xff, 0x0e, 0x00, 0x00, 0x00, 0xff, 0xff, 0xfe, 0xff, 0x06, 0x00,
  0xff, 0xff, 0xfa, 0xff, 0xf4, 0xff, 0xf3, 0xff, 0xfe, 0xff, 0x12, 0x00,
  0x02, 0x00, 0xf4, 0xff, 0xf6, 0xff, 0x08, 0x00, 0x08, 0x00, 0xf5, 0xff,
  0xf5, 0xff, 0x00, 0x00, 0x0d, 0x00, 0x06, 0x00, 0x06, 0x00, 0x00, 0x00,
  0xfc, 0xff, 0x01, 0x00, 0xff, 0xff, 0xfc, 0xff, 0xfb, 0xff, 0x09, 0x00,
  0x09, 0x00, 0xfb, 0xff, 0xfa, 0xff, 0x0c, 0x00, 0x05, 0x00, 0xf2, 0xff,
  0xf8, 0xff, 0xfa, 0xff, 0x08, 0x00, 0x07, 0x00, 0xf8, 0xff, 0xf9, 0xff,
  0x05, 0x00, 0x00, 0x00, 0xf7, 0xff, 0xff, 0xff, 0x0b, 0x00, 0x05, 0x00,
  0x00, 0x00, 0x04, 0x00, 0x00, 0x00, 0x03, 0x00, 0xff, 0xff, 0xfc, 0xff,
  0x04, 0x00, 0x10, 0x00, 0x07, 0x00, 0x06, 0x00, 0xfc, 0xff, 0xed, 0xff,
  0xfd, 0xff, 0x02, 0x00, 0x01, 0x00, 0x04, 0x00, 0xfe, 0xff, 0x0d, 0x00,
  0x02, 0x00, 0x01, 0x00, 0xf8, 0xff, 0xf7, 0xff, 0xf6, 0xff, 0xfe, 0xff,
  0xfa, 0xff, 0x02, 0x00, 0x05, 0x00, 0x04, 0x00, 0xfc, 0xff, 0xfb, 0xff,
  0x00, 0x00, 0x0a, 0x00, 0xfe, 0xff, 0xf9, 0xff, 0xfa, 0xff, 0xfb, 0xff,
  0xff, 0xff, 0x08, 0x00, 0x05, 0x00, 0xfd, 0xff, 0xf4, 0xff, 0xf7, 0xff,
  0xfb, 0xff, 0xfe, 0xff, 0x03, 0x00, 0x00, 0x00, 0xfa, 0xff, 0xfd, 0xff,
  0x03, 0x00, 0x09, 0x00, 0x0a, 0x00, 0x13, 0x00, 0x0a, 0x00, 0x02, 0x00,
  0xfb, 0xff, 0xff, 0xff, 0x00, 0x00, 0x01, 0x00, 0x04, 0x00, 0x02, 0x00,
  0x00, 0x00, 0x03, 0x00, 0x00, 0x00, 0xff, 0xff, 0xff, 0xff, 0x00, 0x00,
  0x00, 0x00, 0xf0, 0xff, 0xf5, 0xff, 0x00, 0x00, 0x06, 0x00, 0x06, 0x00,
  0x00, 0x00, 0x04, 0x00, 0x02, 0x00, 0xfe, 0xff, 0xfe, 0xff, 0xfa, 0xff,
  0xf6, 0xff, 0xf9, 0xff, 0xfa, 0xff, 0x00, 0x00, 0x04, 0x00, 0x0b, 0x00,
  0x09, 0x00, 0x02, 0x00, 0xfb, 0xff, 0xfc, 0xff, 0x08, 0x00, 0x06, 0x00,
  0xf7, 0xff, 0xec, 0xff, 0x03, 0x00, 0x12, 0x00, 0xf7, 0xff, 0xd5, 0xff,
  0xf7, 0xff, 0x48, 0x00, 0x1b, 0x00, 0xa3, 0xff, 0xde, 0xff, 0x2d, 0x00,
  0x3c, 0x00, 0x1d, 0x00, 0x19, 0x00, 0xe0, 0xff, 0xd0, 0xff, 0xcd, 0xff,
  0xe1, 0xff, 0x5b, 0x00, 0x51, 0x00, 0x3e, 0x00, 0xe9, 0xff, 0xd4, 0xff,
  0xd3, 0xff, 0xf2, 0xff, 0xdd, 0xff, 0xcb, 0xff, 0xea, 0xff, 0x30, 0x00,
  0x5b, 0x00, 0x4b, 0x00, 0xfd, 0xff, 0xc9, 0xff, 0xae, 0xff, 0xbf, 0xff,
  0xe5, 0xff, 0x07, 0x00, 0x2e, 0x00, 0x42, 0x00, 0x2b, 0x00, 0x0b, 0x00,
  0x0a, 0x00, 0xf6, 0xff, 0xc1, 0xff, 0xc3, 0xff, 0x05, 0x00, 0x34, 0x00,
  0x19, 0x00, 0x1e, 0x00, 0x0e, 0x00, 0x05, 0x00, 0xd4, 0xff, 0xdc, 0xff,
  0xef, 0xff, 0x20, 0x00, 0x1e, 0x00, 0x07, 0x00, 0x00, 0x00, 0x07, 0x00,
  0xee, 0xff, 0xef, 0xff, 0xdd, 0xff, 0xf2, 0xff, 0xfc, 0xff, 0x1b, 0x00,
  0x20, 0x00, 0x15, 0x00, 0xf8, 0xff, 0xe4, 0xff, 0xeb, 0xff, 0xf9, 0xff,
  0xee, 0xff, 0x19, 0x00, 0x35, 0x00, 0x07, 0x00, 0xf2, 0xff, 0xe9, 0xff,
  0xd3, 0xff, 0xdf, 0xff, 0x11, 0x00, 0x24, 0x00, 0x16, 0x00, 0x19, 0x00,
  0x0c, 0x00, 0xec, 0xff, 0xe2, 0xff, 0xf0, 0xff, 0xe3, 0xff, 0xf3, 0xff,
  0x1c, 0x00, 0x35, 0x00, 0x1d, 0x00, 0x00, 0x00, 0xec, 0xff, 0xf7, 0xff,
  0xfc, 0xff, 0xff, 0xff, 0xfc, 0xff, 0x14, 0x00, 0x1e, 0x00, 0x03, 0x00,
  0xec, 0xff, 0xf4, 0xff, 0x01, 0x00, 0xf9, 0xff, 0xf3, 0xff, 0x0b, 0x00,
  0x0f, 0x00, 0x00, 0x00, 0xe6, 0xff, 0xd4, 0xff, 0xe4, 0xff, 0xff, 0xff,
  0x15, 0x00, 0x20, 0x00, 0x1c, 0x00, 0x07, 0x00, 0xe8, 0xff, 0xd8, 0xff,
  0xf2, 0xff, 0x08, 0x00, 0x07, 0x00, 0x17, 0x00, 0x15, 0x00, 0x0c, 0x00,
  0x1b, 0x00, 0x00, 0x00, 0xdb, 0xff, 0xdb, 0xff, 0xfa, 0xff, 0x0f, 0x00,
  0x09, 0x00, 0x16, 0x00, 0x24, 0x00, 0xf8, 0xff, 0xe7, 0xff, 0xe3, 0xff,
  0x03, 0x00, 0xff, 0xff, 0x20, 0x00, 0x22, 0x00, 0x28, 0x00, 0xf1, 0xff,
  0xd5, 0xff, 0xf9, 0xff, 0x0d, 0x00, 0x02, 0x00, 0xe5, 0xff, 0xed, 0xff,
  0x0f, 0x00, 0x11, 0x00, 0xec, 0xff, 0xf3, 0xff, 0x01, 0x00, 0x07, 0x00,
  0x08, 0x00, 0xef, 0xff, 0xe3, 0xff, 0xef, 0xff, 0x05, 0x00, 0x14, 0x00,
  0x18, 0x00, 0x0e, 0x00, 0xea, 0xff, 0xcf, 0xff, 0xe0, 0xff, 0x1f, 0x00,
  0x46, 0x00, 0x42, 0x00, 0xe9, 0xff, 0xc1, 0xff, 0x20, 0x00, 0x1f, 0x00,
  0xf4, 0xff, 0xea, 0xff, 0xee, 0xff, 0x31, 0x00, 0xfd, 0xff, 0xd5, 0xff,
  0x1f, 0x00, 0x1e, 0x00, 0xd4, 0xff, 0xed, 0xff, 0x07, 0x00, 0xf3, 0xff,
  0xe6, 0xff, 0xf6, 0xff, 0x01, 0x00, 0x17, 0x00, 0xfb, 0xff, 0x00, 0x00,
  0xf1, 0xff, 0xf2, 0xff, 0x03, 0x00, 0x26, 0x00, 0x09, 0x00, 0x09, 0x00,
  0x1e, 0x00, 0xf5, 0xff, 0xce, 0xff, 0x04, 0x00, 0x3a, 0x00, 0x28, 0x00,
  0xd6, 0xff, 0xe4, 0xff, 0x20, 0x00, 0x20, 0x00, 0xe0, 0xff, 0xcd, 0xff,
  0x23, 0x00, 0x38, 0x00, 0xf5, 0xff, 0xce, 0xff, 0xe5, 0xff, 0x24, 0x00,
  0xfb, 0xff, 0xcb, 0xff, 0xfa, 0xff, 0x09, 0x00, 0x07, 0x00, 0xf4, 0xff,
  0xf6, 0xff, 0xf8, 0xff, 0x03, 0x00, 0xfd, 0xff, 0xe3, 0xff, 0x07, 0x00,
  0x4e, 0x00, 0x29, 0x00, 0xf4, 0xff, 0xf3, 0xff, 0x0e, 0x00, 0xda, 0xff,
  0xb7, 0xff, 0xfc, 0xff, 0x5f, 0x00, 0x54, 0x00, 0xd6, 0xff, 0xea, 0xff,
  0xfd, 0xff, 0x00, 0x00, 0x00, 0x00, 0x08, 0x00, 0x13, 0x00, 0xee, 0xff,
  0xf8, 0xff, 0x18, 0x00, 0x0d, 0x00, 0xd7, 0xff, 0xe3, 0xff, 0x35, 0x00,
  0xf2, 0xff, 0xb8, 0xff, 0xe8, 0xff, 0x35, 0x00, 0x1c, 0x00, 0xf4, 0xff,
  0xcb, 0xff, 0xeb, 0xff, 0x1b, 0x00, 0xf4, 0xff, 0xe7, 0xff, 0xfb, 0xff,
  0x01, 0x00, 0x17, 0x00, 0x1e, 0x00, 0x0d, 0x00, 0xe5, 0xff, 0x00, 0x00,
  0x0f, 0x00, 0x09, 0x00, 0x0e, 0x00, 0x1f, 0x00, 0x23, 0x00, 0x06, 0x00,
  0x15, 0x00, 0x11, 0x00, 0xd1, 0xff, 0x01, 0x00, 0x12, 0x00, 0x03, 0x00,
  0xeb, 0xff, 0x03, 0x00, 0x00, 0x00, 0xe2, 0xff, 0xe4, 0xff, 0xf7, 0xff,
  0xf6, 0xff, 0xef, 0xff, 0xfe, 0xff, 0x1c, 0x00, 0xf3, 0xff, 0xfa, 0xff,
  0xf4, 0xff, 0xcf, 0xff, 0xd6, 0xff, 0xec, 0xff, 0x41, 0x00, 0x3f, 0x00,
  0x04, 0x00, 0x17, 0x00, 0x0e, 0x00, 0xf9, 0xff, 0xdc, 0xff, 0xd4, 0xff,
  0xee, 0xff, 0x39, 0x00, 0x40, 0x00, 0xe3, 0xff, 0xad, 0xff, 0x0b, 0x00,
  0x5e, 0x00, 0x04, 0x00, 0xd0, 0xff, 0x04, 0x00, 0x24, 0x00, 0x32, 0x00,
  0x0a, 0x00, 0xf0, 0xff, 0xfe, 0xff, 0xf6, 0xff, 0xd2, 0xff, 0xd5, 0xff,
  0xf9, 0xff, 0x16, 0x00, 0x0d, 0x00, 0xe9, 0xff, 0xff, 0xff, 0x33, 0x00,
  0x3e, 0x00, 0xee, 0xff, 0x99, 0xff, 0xc8, 0xff, 0x33, 0x00, 0x48, 0x00,
  0xe1, 0xff, 0xc2, 0xff, 0x24, 0x00, 0x47, 0x00, 0xf4, 0xff, 0xed, 0xff,
  0x1a, 0x00, 0x0e, 0x00, 0xac, 0xff, 0x18, 0x00, 0x50, 0x00, 0xea, 0xff,
  0xeb, 0xff, 0x48, 0x00, 0xfc, 0xff, 0x7a, 0xff, 0xd4, 0xff, 0x52, 0x00,
  0x2d, 0x00, 0x93, 0xff, 0x92, 0xff, 0x3a, 0x00, 0x8e, 0x00, 0x00, 0x00,
  0x82, 0xff, 0xf0, 0xff, 0x6c, 0x00, 0x50, 0x00, 0xbd, 0xff, 0xd8, 0xff,
  0x52, 0x00, 0xef, 0xff, 0x7e, 0xff, 0xf1, 0xff, 0x31, 0x00, 0xda, 0xff,
  0x8b, 0xff, 0xf6, 0xff, 0x55, 0x00, 0x2a, 0x00, 0x0f, 0x00, 0x6f, 0x00,
  0x79, 0x00, 0x37, 0x00, 0x3a, 0x00, 0xef, 0xff, 0x71, 0xff, 0x89, 0xff,
  0x1b, 0x00, 0x50, 0x00, 0x20, 0x00, 0xf6, 0xff, 0xff, 0xff, 0x56, 0x00,
  0x31, 0x00, 0x3b, 0xff, 0xdc, 0xfe, 0x8e, 0xff, 0x0e, 0x00, 0x04, 0x00,
  0x28, 0x00, 0xab, 0x00, 0xfc, 0x00, 0xeb, 0x00, 0x0f, 0x00, 0x69, 0xff,
  0x9f, 0xff, 0x00, 0x00, 0x88, 0xff, 0x68, 0xff, 0xf5, 0xff, 0x9a, 0x00,
  0x59, 0x00, 0x34, 0x00, 0x0c, 0x00, 0x9b, 0xff, 0x73, 0xff, 0xa8, 0xff,
  0xc9, 0xff, 0xc4, 0xff, 0x23, 0x00, 0xa7, 0x00, 0xd0, 0x00, 0xc1, 0x00,
  0x1b, 0x00, 0x5d, 0xff, 0x0a, 0xff, 0x7f, 0xff, 0x46, 0x00, 0x4e, 0x00,
  0xd1, 0xff, 0x61, 0x00, 0xd0, 0x00, 0x6a, 0x00, 0xba, 0xff, 0x91, 0xff,
  0x33, 0xff, 0x24, 0xff, 0x79, 0xff, 0xfa, 0xff, 0xba, 0x00, 0x9a, 0x01,
  0x0e, 0x01, 0xb2, 0xff, 0x98, 0xff, 0x2b, 0x00, 0x44, 0xff, 0x55, 0xfe,
  0xc2, 0xff, 0xea, 0x00, 0x92, 0x00, 0x20, 0x00, 0xba, 0xff, 0x8f, 0xff,
  0xef, 0x00, 0x65, 0x01, 0x51, 0xff, 0xb5, 0xfe, 0x68, 0xff, 0xc3, 0xff,
  0x34, 0x00, 0x2b, 0x01, 0xe3, 0x00, 0xb1, 0xff, 0xd9, 0xff, 0x43, 0x00,
  0x56, 0x00, 0xd8, 0xff, 0x70, 0xff, 0x32, 0xff, 0x31, 0xff, 0xe2, 0xff,
  0x7a, 0x00, 0xd8, 0x00, 0x71, 0x00, 0xb0, 0xff, 0x45, 0xff, 0x9a, 0xff,
  0xd4, 0xff, 0x7b, 0x00, 0x14, 0x00, 0x08, 0x00, 0x02, 0x01, 0x54, 0x01,
  0x1a, 0x01, 0x53, 0x00, 0x49, 0xff, 0x40, 0xfe, 0xbf, 0xfd, 0x78, 0xfe,
  0xd9, 0xff, 0x58, 0x00, 0xd3, 0x00, 0x52, 0x01, 0x93, 0x00, 0x00, 0x00,
  0xff, 0xff, 0x0b, 0x00, 0xc1, 0xff, 0xc7, 0xff, 0x2f, 0x00, 0x4c, 0x00,
  0x40, 0x00, 0x39, 0x00, 0xc6, 0xff, 0x2b, 0x00, 0xd0, 0x00, 0xed, 0xff,
  0x0f, 0xff, 0x60, 0xff, 0xed, 0xff, 0x72, 0x00, 0x90, 0x00, 0xba, 0xff,
  0x93, 0xff, 0x08, 0x00, 0xc9, 0xff, 0x43, 0xff, 0x76, 0xff, 0x00, 0x00,
  0xa9, 0xff, 0x4d, 0xff, 0x8f, 0xff, 0x80, 0x00, 0x39, 0x01, 0xd9, 0x00,
  0x0d, 0x00, 0xa5, 0x00, 0x5b, 0x02, 0x4e, 0x02, 0x3c, 0x00, 0xaf, 0xff,
  0x80, 0x02, 0x87, 0x04, 0x53, 0x00, 0x06, 0xfc, 0x5a, 0xfb, 0xcf, 0xfc,
  0xc0, 0xfa, 0xba, 0xf9, 0x7c, 0xfc, 0x0d, 0xff, 0xd3, 0xff, 0xac, 0x01,
  0x8d, 0x07, 0xde, 0x0a, 0xd3, 0x08, 0xf7, 0x01, 0xf0, 0xfd, 0xd0, 0xff,
  0x09, 0x04, 0x47, 0x01, 0xdc, 0xfb, 0xb4, 0xf8, 0xd2, 0xf7, 0xc5, 0xfa,
  0x9b, 0xfe, 0xd7, 0xff, 0x23, 0xfd, 0x2d, 0xfa, 0x94, 0xf9, 0xb0, 0xfb,
  0x84, 0x00, 0x40, 0x06, 0xca, 0x06, 0xbf, 0x04, 0x89, 0x04, 0xe3, 0x04,
  0xb4, 0x05, 0x50, 0x04, 0xab, 0x00, 0x4a, 0xfe, 0xe0, 0xfd, 0x58, 0xfe,
  0xf0, 0xff, 0xdc, 0x02, 0x67, 0x03, 0x2e, 0x01, 0xd9, 0xff, 0x18, 0xfe,
  0xf7, 0xfc, 0x12, 0xfe, 0xc6, 0xfe, 0x6a, 0xfe, 0xc6, 0xfe, 0x23, 0x00,
  0x25, 0x00, 0xe9, 0x00, 0xc9, 0x01, 0x0e, 0x00, 0x2c, 0xfc, 0xac, 0xf9,
  0xcb, 0xfa, 0x84, 0xfe, 0x41, 0x01, 0x28, 0x04, 0xdc, 0x04, 0x3c, 0x03,
  0x24, 0x01, 0x4f, 0xff, 0xe2, 0xfe, 0x8e, 0xfd, 0x87, 0xfc, 0x5a, 0xfb,
  0x1c, 0xfc, 0x97, 0x01, 0x9c, 0x08, 0x64, 0x0b, 0x9f, 0x0a, 0xf1, 0x0a,
  0x17, 0x0a, 0x6a, 0x02, 0x56, 0xf9, 0x48, 0xf4, 0x0b, 0xf2, 0x22, 0xf3,
  0xd1, 0xf5, 0xa8, 0xf8, 0x9c, 0xfd, 0xef, 0x02, 0x00, 0x04, 0xf2, 0x01,
  0x6c, 0x00, 0x52, 0x00, 0x4a, 0xff, 0xff, 0xfd, 0xfb, 0xfe, 0xdf, 0x02,
  0xad, 0x05, 0x44, 0x06, 0xc7, 0x05, 0x42, 0x04, 0xc5, 0x00, 0x5c, 0xfd,
  0x02, 0xfc, 0x70, 0xfc, 0x91, 0xfe, 0xd4, 0x00, 0xd8, 0x02, 0x9a, 0x04,
  0x3b, 0x06, 0x97, 0x06, 0xe3, 0x03, 0x68, 0x00, 0x3c, 0xfe, 0xc9, 0xfb,
  0x36, 0xf9, 0xba, 0xf9, 0x61, 0xfc, 0x7b, 0xfe, 0xdc, 0xfe, 0x33, 0xfe,
  0xaf, 0xfd, 0xb4, 0xfd, 0x60, 0xfd, 0xd6, 0xfc, 0x0c, 0xfd, 0x47, 0xff,
  0xb7, 0x02, 0xa5, 0x05, 0x0e, 0x07, 0x79, 0x07, 0x85, 0x06, 0xde, 0x03,
  0x10, 0x00, 0x50, 0xfd, 0x20, 0xfc, 0x8a, 0xfb, 0x57, 0xfb, 0x91, 0xfc,
  0xef, 0xfe, 0x2d, 0x01, 0xab, 0x01, 0xe6, 0x00, 0xda, 0xff, 0xa3, 0x01,
  0xdc, 0x00, 0xa9, 0xfc, 0xf3, 0xfa, 0x85, 0x00, 0xdb, 0x04, 0x15, 0x02,
  0x46, 0x02, 0x3e, 0x0a, 0x99, 0x0c, 0x92, 0x03, 0x0a, 0xfd, 0xd6, 0xf8,
  0xb0, 0xf4, 0x62, 0xf4, 0x49, 0xf8, 0xc4, 0xfa, 0x3e, 0xf9, 0x30, 0xfd,
  0x0e, 0x06, 0x33, 0x0d, 0xe7, 0x0b, 0xaf, 0x05, 0xda, 0x00, 0xa8, 0xfd,
  0xe1, 0xfb, 0x6d, 0xfd, 0xab, 0x02, 0x4a, 0x05, 0xb4, 0x00, 0x08, 0xf9,
  0x20, 0xf9, 0x63, 0xff, 0x01, 0x00, 0xd9, 0xfd, 0x54, 0xf9, 0x1f, 0xfa,
  0x9b, 0x00, 0x93, 0x05, 0x43, 0x09, 0x99, 0x09, 0x70, 0x08, 0x3f, 0x06,
  0x4f, 0x01, 0x9e, 0xfc, 0x26, 0xf9, 0x89, 0xf8, 0xd0, 0xf9, 0x1c, 0xf9,
  0x69, 0xf8, 0x06, 0xfd, 0x83, 0x04, 0xf0, 0x09, 0xeb, 0x08, 0x09, 0x05,
  0xbc, 0x03, 0xb3, 0x02, 0xf9, 0x01, 0x04, 0xff, 0x2d, 0xfd, 0x70, 0xfd,
  0x2a, 0xfc, 0x38, 0xf8, 0x41, 0xf6, 0x27, 0xf9, 0xca, 0xfb, 0x86, 0xfa,
  0xb0, 0xf9, 0x87, 0x00, 0xf2, 0x0b, 0x8d, 0x12, 0x05, 0x14, 0x50, 0x14,
  0xe3, 0x15, 0x45, 0x11, 0x8d, 0x01, 0x84, 0xee, 0x81, 0xe5, 0x5c, 0xe9,
  0x06, 0xeb, 0x58, 0xe6, 0xcf, 0xec, 0x2a, 0x06, 0xa6, 0x18, 0x1b, 0x12,
  0x80, 0x02, 0x9b, 0xfe, 0xe1, 0xfd, 0x56, 0xf4, 0x0d, 0xee, 0xbb, 0xf9,
  0x6d, 0x08, 0x29, 0x05, 0x99, 0xfe, 0xf7, 0x09, 0x75, 0x1b, 0xbb, 0x16,
  0xef, 0xfe, 0x59, 0xf2, 0x82, 0xf9, 0x4b, 0xff, 0x6d, 0xfb, 0x8b, 0xfe,
  0xf4, 0x09, 0xf0, 0x0d, 0x41, 0x06, 0x45, 0xfe, 0x97, 0xfe, 0x4a, 0x02,
  0x39, 0xfd, 0xa8, 0xef, 0xbe, 0xe9, 0xf8, 0xf2, 0x74, 0xfe, 0x93, 0xff,
  0x8b, 0xfe, 0x6e, 0x03, 0x49, 0x08, 0x9a, 0x05, 0xb3, 0x02, 0x63, 0x05,
  0x84, 0x06, 0x70, 0xfe, 0xae, 0xf5, 0x27, 0xf8, 0xdb, 0x02, 0x80, 0x05,
  0xa5, 0xff, 0xca, 0x00, 0x23, 0x08, 0x34, 0x05, 0xb3, 0xfc, 0xe9, 0xfe,
  0x60, 0x05, 0xe9, 0xfe, 0x39, 0xf6, 0x2e, 0xfb, 0xcf, 0x04, 0x85, 0x04,
  0xb9, 0xff, 0xd9, 0xff, 0x5a, 0x01, 0x1e, 0x01, 0x74, 0x00, 0x71, 0x01,
  0x6f, 0xff, 0x8e, 0xfe, 0x11, 0x00, 0x11, 0x01, 0x9a, 0xfc, 0xdb, 0xf8,
  0x7b, 0xfe, 0xd1, 0x00, 0xd8, 0xfb, 0xf0, 0xf9, 0x2d, 0x07, 0x5b, 0x10,
  0x1f, 0x07, 0x34, 0xfb, 0x7a, 0xfd, 0x4b, 0x01, 0x37, 0xf8, 0xac, 0xf4,
  0x05, 0xfc, 0xea, 0x02, 0x2f, 0x00, 0x41, 0x02, 0x39, 0x0b, 0x0d, 0x0c,
  0x81, 0x01, 0x55, 0xfb, 0xb5, 0xfd, 0x52, 0xfa, 0xdb, 0xf0, 0xde, 0xf2,
  0x95, 0x03, 0x8e, 0x0b, 0x1e, 0x07, 0x15, 0x07, 0x26, 0x0f, 0x57, 0x0c,
  0x88, 0xfd, 0x70, 0xf4, 0x69, 0xf2, 0xe4, 0xf2, 0x02, 0xf3, 0x7f, 0xf9,
  0x58, 0x02, 0xb0, 0x09, 0x98, 0x0d, 0x79, 0x0d, 0xc3, 0x09, 0x33, 0x03,
  0x1d, 0xfe, 0x14, 0xf9, 0x3c, 0xf7, 0xd2, 0xf4, 0xea, 0xf5, 0xa1, 0xfb,
  0x4a, 0x01, 0x5b, 0x04, 0x50, 0x05, 0xb8, 0x06, 0x14, 0x06, 0x8f, 0x04,
  0xe2, 0xff, 0xc8, 0xfb, 0x43, 0xfa, 0xe9, 0xfb, 0xb0, 0xfd, 0x13, 0xff,
  0xde, 0x01, 0x3d, 0x07, 0xca, 0x09, 0x0c, 0x07, 0x57, 0x03, 0x7e, 0xff,
  0xac, 0xfa, 0xea, 0xf6, 0xa6, 0xf5, 0xe9, 0xf4, 0xbb, 0xf9, 0x41, 0x01,
  0xfc, 0x05, 0x58, 0x09, 0xbd, 0x0c, 0x11, 0x0b, 0x32, 0x05, 0x88, 0xfe,
  0xb9, 0xfa, 0x24, 0xf7, 0x01, 0xf6, 0xe5, 0xf7, 0x6d, 0xfc, 0x34, 0x00,
  0xc8, 0x03, 0x00, 0x07, 0xc4, 0x05, 0x05, 0x03, 0x30, 0xff, 0xbd, 0xfb,
  0x62, 0xfb, 0xd8, 0xfc, 0xe0, 0xfc, 0x93, 0x00, 0xc0, 0x04, 0xd5, 0x08,
  0x4e, 0x0a, 0xad, 0x06, 0xfa, 0x01, 0x39, 0xfd, 0x28, 0xf7, 0xef, 0xf0,
  0x8c, 0xf1, 0x02, 0xf7, 0x71, 0xfc, 0x91, 0x01, 0x1c, 0x08, 0x18, 0x0c,
  0xc0, 0x0a, 0xb1, 0x08, 0x8d, 0x06, 0x9a, 0x01, 0x8e, 0xfb, 0x0b, 0xf8,
  0x73, 0xf7, 0xfd, 0xf7, 0xaf, 0xfb, 0x8f, 0xff, 0x1e, 0x02, 0xff, 0x02,
  0x01, 0x05, 0x78, 0x05, 0x22, 0x03, 0x58, 0x02, 0xb8, 0x00, 0x0d, 0xfe,
  0x0e, 0xfc, 0x55, 0xff, 0xaf, 0x02, 0xfb, 0x03, 0x0b, 0x03, 0x4b, 0x02,
  0xae, 0x00, 0xfb, 0xfe, 0x38, 0xfd, 0x2e, 0xfa, 0xfc, 0xf8, 0x01, 0xfa,
  0x80, 0xfc, 0x8e, 0xff, 0x40, 0x04, 0xd3, 0x07, 0x48, 0x07, 0x40, 0x04,
  0xad, 0x01, 0xb1, 0xff, 0x5d, 0xfd, 0xb5, 0xfc, 0xe6, 0xf9, 0x45, 0xf8,
  0xdd, 0xfa, 0x08, 0x00, 0x15, 0x04, 0x5a, 0x05, 0x2e, 0x04, 0x5c, 0x02,
  0xda, 0x01, 0x11, 0x00, 0x7e, 0xfe, 0x0c, 0xfd, 0x2f, 0xfe, 0xc6, 0xfe,
  0xb6, 0x02, 0xde, 0x04, 0xc4, 0x05, 0xe4, 0x01, 0x52, 0x00, 0x33, 0x00,
  0xd3, 0xfd, 0x5a, 0xf9, 0x2a, 0xf9, 0x13, 0xfc, 0x63, 0xfd, 0x53, 0xfe,
  0x9d, 0xff, 0x7c, 0x01, 0x96, 0x03, 0x73, 0x05, 0x13, 0x03, 0xab, 0xff,
  0xef, 0xff, 0x38, 0x00, 0xb3, 0xfd, 0xe5, 0xfb, 0x0e, 0xfd, 0x63, 0x01,
  0x02, 0x04, 0xbd, 0x02, 0x66, 0x00, 0x07, 0xff, 0xee, 0xff, 0x1d, 0x00,
  0x91, 0xfd, 0xb2, 0xfb, 0x7f, 0xff, 0x69, 0x03, 0x42, 0x05, 0x1c, 0x05,
  0xbb, 0x05, 0x21, 0x05, 0x75, 0x01, 0xff, 0xfb, 0xbd, 0xf8, 0xbb, 0xf9,
  0x28, 0xfc, 0x08, 0xfd, 0x46, 0xfc, 0x1f, 0xfe, 0x0a, 0x02, 0x97, 0x05,
  0xc5, 0x04, 0x59, 0x01, 0x02, 0xff, 0x6b, 0xfe, 0x18, 0xfe, 0x9e, 0xfe,
  0x49, 0x00, 0xa9, 0x01, 0x50, 0x02, 0xff, 0x00, 0xe1, 0xff, 0x24, 0x00,
  0x19, 0x00, 0x44, 0x00, 0x1b, 0xfe, 0x1f, 0xfc, 0x77, 0xfc, 0x92, 0xff,
  0x4d, 0x02, 0xf1, 0x01, 0xa8, 0x01, 0x56, 0x02, 0x49, 0x02, 0x3e, 0x00,
  0xbf, 0x00, 0x09, 0x01, 0xf3, 0xfe, 0xe2, 0xfb, 0x51, 0xfb, 0x72, 0xfd,
  0x66, 0x00, 0x82, 0x03, 0x0d, 0x04, 0x92, 0x03, 0xc2, 0x01, 0x96, 0xff,
  0x73, 0xfe, 0x17, 0xfe, 0x1c, 0xfd, 0x52, 0xfb, 0xfb, 0xfb, 0x1f, 0xff,
  0xd9, 0x01, 0xa1, 0x03, 0xe8, 0x05, 0xa7, 0x05, 0xc9, 0x01, 0x50, 0xff,
  0xf9, 0xfe, 0x84, 0xfd, 0x90, 0xfb, 0xea, 0xfa, 0x98, 0xfc, 0x39, 0xfe,
  0xf5, 0x01, 0x42, 0x05, 0xaa, 0x05, 0xe4, 0x03, 0x64, 0x02, 0x19, 0x00,
  0x2b, 0xfd, 0x31, 0xfb, 0x65, 0xfb, 0xde, 0xfb, 0x82, 0xfc, 0xea, 0xfd,
  0x9a, 0x01, 0x7e, 0x04, 0x2c, 0x06, 0x0d, 0x06, 0x51, 0x04, 0x84, 0x01,
  0xce, 0xfe, 0x36, 0xfd, 0xa0, 0xfb, 0xe1, 0xfa, 0xd2, 0xfb, 0x7e, 0xfe,
  0x1d, 0x00, 0x5a, 0x01, 0xbc, 0x02, 0xa3, 0x03, 0xd1, 0x02, 0x0a, 0x01,
  0x6c, 0x00, 0x36, 0x00, 0xc9, 0xff, 0x89, 0xfe, 0xbf, 0xfd, 0x7a, 0xfe,
  0xff, 0xfe, 0x48, 0x01, 0x1c, 0x01, 0x5a, 0x01, 0xe2, 0x00, 0x3c, 0x01,
  0xbb, 0x00, 0xbd, 0xff, 0xd2, 0xfd, 0x1c, 0xfe, 0x96, 0xff, 0xce, 0xff,
  0x08, 0xfe, 0x6e, 0xfe, 0x2e, 0x02, 0xb2, 0x04, 0x2b, 0x03, 0xec, 0x01,
  0xc3, 0x03, 0x50, 0x05, 0x1d, 0x02, 0x07, 0xfe, 0xde, 0xfc, 0x86, 0xfd,
  0x74, 0xfd, 0x2c, 0xfd, 0x17, 0xff, 0x4e, 0x02, 0xfb, 0x02, 0x85, 0x00,
  0xbb, 0xfd, 0x67, 0xfc, 0x1e, 0xfa, 0xc8, 0xf6, 0x44, 0xf6, 0x55, 0xf9,
  0x16, 0xfc, 0x04, 0xff, 0x82, 0x03, 0x3e, 0x08, 0x7a, 0x08, 0x67, 0x06,
  0x28, 0x05, 0x5e, 0x03, 0x58, 0x00, 0xac, 0xfe, 0x50, 0xfe, 0xde, 0xfd,
  0x10, 0xff, 0xc5, 0x01, 0xed, 0x03, 0xd0, 0x04, 0x5f, 0x04, 0xd8, 0x02,
  0x72, 0x00, 0x48, 0xfd, 0x47, 0xfb, 0xbd, 0xfa, 0xb8, 0xfa, 0xe4, 0xfa,
  0xdb, 0xfb, 0xee, 0xfd, 0x53, 0x00, 0x16, 0x02, 0xb7, 0x02, 0x60, 0x02,
  0xcf, 0x00, 0xae, 0xfe, 0x4c, 0xfd, 0x3e, 0xfd, 0x7a, 0xfe, 0x3b, 0x00,
  0x59, 0x01, 0x82, 0x01, 0x61, 0x01, 0x9c, 0x01, 0x83, 0x02, 0xa6, 0x02,
  0x9e, 0x00, 0x12, 0xfe, 0xe4, 0xfc, 0xf6, 0xfd, 0x1f, 0x00, 0xef, 0x01,
  0x21, 0x03, 0x24, 0x03, 0x28, 0x02, 0x77, 0x01, 0xa9, 0x01, 0x5b, 0x01,
  0x02, 0x00, 0x82, 0xfe, 0x89, 0xfe, 0xc0, 0xfe, 0xe0, 0xfe, 0x8d, 0x00,
  0x03, 0x03, 0xb7, 0x02, 0xc5, 0x01, 0xbb, 0x01, 0x81, 0x02, 0x6d, 0x02,
  0xc3, 0x00, 0x5d, 0xfe, 0xff, 0xfb, 0x88, 0xfa, 0x37, 0xf9, 0x01, 0xfb,
  0x40, 0xfd, 0xe0, 0xfe, 0x0e, 0x00, 0xc3, 0x02, 0xc7, 0x04, 0xab, 0x04,
  0x9b, 0x00, 0xb2, 0xfd, 0xb6, 0xfb, 0xd7, 0xfa, 0x24, 0xf8, 0xcd, 0xf7,
  0x35, 0xf9, 0x3f, 0xfc, 0xdf, 0x00, 0x20, 0x07, 0x89, 0x0e, 0x4a, 0x15,
  0xc6, 0x1a, 0x2b, 0x20, 0xd5, 0x1d, 0xc6, 0x11, 0x6a, 0x01, 0x46, 0xf5,
  0x36, 0xea, 0x87, 0xe0, 0x84, 0xdc, 0xee, 0xe0, 0xfb, 0xe9, 0x14, 0xf5,
  0x89, 0x01, 0x3f, 0x0d, 0xca, 0x11, 0xe2, 0x0e, 0xce, 0x05, 0x9d, 0xfc,
  0x47, 0xf6, 0x3d, 0xf3, 0x50, 0xf0, 0xfd, 0xef, 0x8f, 0xf4, 0x73, 0xfc,
  0x72, 0x04, 0x61, 0x0b, 0x0a, 0x10, 0xe7, 0x10, 0x5f, 0x0d, 0x3a, 0x09,
  0xf2, 0x05, 0x06, 0x04, 0xc7, 0x02, 0x8d, 0x01, 0x48, 0x00, 0x1f, 0xff,
  0x49, 0xfe, 0x56, 0xfd, 0x0f, 0xfc, 0xc3, 0xf8, 0xf9, 0xf4, 0x91, 0xf3,
  0xd0, 0xf3, 0x8b, 0xf7, 0x45, 0xfd, 0x28, 0x04, 0x73, 0x09, 0x05, 0x0d,
  0x5c, 0x0d, 0x98, 0x0b, 0x6a, 0x08, 0xc6, 0x03, 0x37, 0xfe, 0x41, 0xf8,
  0x21, 0xf5, 0xd8, 0xf5, 0xd7, 0xf9, 0xc4, 0xfe, 0x71, 0x03, 0x5a, 0x07,
  0x7a, 0x09, 0xae, 0x09, 0x88, 0x07, 0x2c, 0x04, 0x0e, 0xff, 0x2a, 0xfa,
  0xdc, 0xf6, 0xad, 0xf7, 0x4e, 0xfa, 0xcd, 0xfd, 0xcf, 0xff, 0x13, 0x01,
  0x68, 0x01, 0x0c, 0x01, 0x46, 0x00, 0x58, 0xff, 0xbf, 0xfe, 0x19, 0xfe,
  0xa3, 0xfe, 0x37, 0x00, 0x9a, 0x01, 0xf1, 0xff, 0x50, 0xfd, 0xfc, 0xf9,
  0xbb, 0xf7, 0x44, 0xf6, 0x3a, 0xf7, 0x83, 0xfb, 0x39, 0x03, 0x43, 0x0f,
  0x82, 0x1a, 0x98, 0x24, 0x68, 0x2f, 0xeb, 0x3c, 0xd1, 0x3d, 0xdb, 0x22,
  0x27, 0xfd, 0x2a, 0xe0, 0x60, 0xcd, 0x9a, 0xbb, 0xc2, 0xb4, 0x65, 0xc0,
  0xdc, 0xd6, 0x22, 0xec, 0x56, 0x00, 0xd3, 0x17, 0x85, 0x27, 0x69, 0x24,
  0x41, 0x11, 0x52, 0xfe, 0x59, 0xf2, 0x69, 0xeb, 0x83, 0xe9, 0x50, 0xeb,
  0xf0, 0xf0, 0x87, 0xf8, 0x9b, 0x01, 0x5c, 0x0b, 0x48, 0x13, 0x29, 0x15,
  0x90, 0x0e, 0x95, 0x05, 0xa1, 0x02, 0x52, 0x07, 0x1b, 0x0f, 0x55, 0x14,
  0x05, 0x16, 0xbb, 0x14, 0x08, 0x10, 0x66, 0x07, 0x1a, 0xfd, 0xd3, 0xf2,
  0x3d, 0xe7, 0x3a, 0xdb, 0x24, 0xd7, 0x2e, 0xdf, 0x27, 0xef, 0x13, 0x00,
  0x41, 0x10, 0xb0, 0x1c, 0x58, 0x23, 0x0c, 0x21, 0x78, 0x19, 0xdc, 0x0e,
  0x82, 0x01, 0x7a, 0xf0, 0xd6, 0xe3, 0x1c, 0xe5, 0xfd, 0xef, 0x25, 0xfb,
  0x9d, 0x01, 0xeb, 0x06, 0x85, 0x0a, 0x57, 0x07, 0x1a, 0x00, 0x71, 0xfa,
  0x18, 0xf8, 0xea, 0xf6, 0x21, 0xf8, 0x20, 0xfd, 0x3b, 0x04, 0x26, 0x09,
  0x09, 0x0a, 0x95, 0x07, 0xac, 0x02, 0x6d, 0xfd, 0xbf, 0xf8, 0x51, 0xf6,
  0x3c, 0xf6, 0xf4, 0xf8, 0x35, 0xfd, 0x07, 0x02, 0x38, 0x07, 0x1e, 0x0b,
  0xba, 0x0b, 0xe7, 0x08, 0xa9, 0x03, 0xf7, 0xfc, 0x4e, 0xf6, 0x56, 0xf2,
  0xc4, 0xf2, 0x55, 0xf7, 0xf8, 0xfe, 0x73, 0x06, 0x82, 0x0c, 0x06, 0x0e,
  0x75, 0x0b, 0x29, 0x04, 0xd8, 0xfa, 0x2d, 0xf2, 0xbd, 0xeb, 0x56, 0xea,
  0x1e, 0xee, 0xef, 0xfa, 0x9f, 0x0e, 0xe9, 0x23, 0xf6, 0x35, 0xf9, 0x43,
  0x94, 0x4d, 0x4c, 0x47, 0x50, 0x2a, 0x23, 0x01, 0x8c, 0xdb, 0x33, 0xbe,
  0x78, 0xa7, 0x08, 0xa1, 0xc1, 0xae, 0x45, 0xc7, 0x48, 0xe1, 0xcc, 0xfc,
  0xfd, 0x19, 0x18, 0x2d, 0xc9, 0x2e, 0x7f, 0x20, 0x66, 0x0c, 0xef, 0xfa,
  0xe5, 0xee, 0x8d, 0xe8, 0xeb, 0xe7, 0x6b, 0xee, 0x31, 0xf9, 0x39, 0x04,
  0x76, 0x0e, 0x02, 0x18, 0xe8, 0x1b, 0xa8, 0x14, 0x4b, 0x07, 0x7f, 0xff,
  0xe3, 0xfe, 0x7f, 0x00, 0x91, 0x00, 0x44, 0x04, 0x97, 0x0a, 0xcd, 0x0e,
  0xf9, 0x0d, 0x4d, 0x0b, 0x6c, 0x06, 0xa2, 0xfb, 0x08, 0xee, 0x48, 0xe5,
  0xdb, 0xe4, 0x06, 0xe9, 0xf1, 0xee, 0x32, 0xf8, 0xfe, 0x05, 0xaf, 0x15,
  0x86, 0x1f, 0x4e, 0x21, 0x40, 0x1d, 0xde, 0x14, 0x07, 0x06, 0xa3, 0xf3,
  0x75, 0xe6, 0xa0, 0xe0, 0x32, 0xdd, 0xf5, 0xde, 0x57, 0xeb, 0xce, 0xfd,
  0xdb, 0x09, 0xc5, 0x10, 0xeb, 0x12, 0xb6, 0x0f, 0x3e, 0x06, 0xb5, 0xfd,
  0x24, 0xf8, 0xb5, 0xf4, 0x74, 0xf4, 0xb9, 0xf9, 0x48, 0x02, 0x70, 0x08,
  0x2f, 0x0a, 0x16, 0x0a, 0xad, 0x07, 0xe1, 0x02, 0x5d, 0xfe, 0xc6, 0xfb,
  0xbe, 0xf8, 0xfb, 0xf7, 0xa6, 0xfa, 0x2e, 0x01, 0xc1, 0x07, 0x29, 0x0b,
  0xee, 0x0a, 0xc4, 0x08, 0x5c, 0xff, 0x86, 0xf5, 0x13, 0xef, 0xb5, 0xf0,
  0x2a, 0xf3, 0xc4, 0xf5, 0xc2, 0xff, 0x0b, 0x12, 0xcc, 0x26, 0xca, 0x32,
  0x29, 0x3c, 0xcc, 0x46, 0x62, 0x49, 0x12, 0x32, 0x49, 0x05, 0xda, 0xdc,
  0x62, 0xc0, 0x5d, 0xac, 0xba, 0xa1, 0x38, 0xac, 0x94, 0xc7, 0x5c, 0xe5,
  0x6e, 0xff, 0xc4, 0x15, 0xa6, 0x25, 0x13, 0x25, 0xc7, 0x13, 0x84, 0xfa,
  0x32, 0xe9, 0x51, 0xe3, 0x73, 0xe6, 0x4d, 0xef, 0xef, 0xfb, 0x3c, 0x09,
  0xf8, 0x13, 0x8b, 0x1b, 0xe9, 0x1d, 0x66, 0x18, 0xb0, 0x0a, 0x06, 0xfa,
  0x7f, 0xef, 0xa3, 0xef, 0x68, 0xf9, 0x65, 0x06, 0x7a, 0x11, 0x9c, 0x19,
  0xfa, 0x1d, 0xc8, 0x1b, 0x0c, 0x12, 0x23, 0x03, 0x6d, 0xf2, 0x11, 0xe2,
  0x38, 0xd8, 0xd3, 0xd8, 0x18, 0xe3, 0x33, 0xf2, 0xca, 0x03, 0xe5, 0x14,
  0x50, 0x22, 0x99, 0x28, 0xaa, 0x25, 0x9f, 0x1a, 0xf6, 0x08, 0x55, 0xf7,
  0x3f, 0xe9, 0x07, 0xe1, 0x79, 0xde, 0x74, 0xe6, 0x76, 0xf2, 0xcc, 0xfd,
  0x93, 0x06, 0xa1, 0x0c, 0xb4, 0x0e, 0xb5, 0x08, 0xab, 0x01, 0xc6, 0xfb,
  0x20, 0xf8, 0x89, 0xf5, 0x82, 0xf7, 0x4d, 0xfd, 0x2a, 0x02, 0x67, 0x04,
  0x2c, 0x04, 0x97, 0x03, 0xfe, 0xff, 0xfd, 0xfc, 0xc8, 0xfa, 0xc8, 0xfa,
  0x59, 0xfa, 0xd7, 0xfc, 0xdc, 0xff, 0xbc, 0x02, 0x1c, 0x05, 0xe4, 0x07,
  0x1c, 0x09, 0x8d, 0x06, 0x39, 0x02, 0x0b, 0x00, 0xbc, 0xfc, 0xf0, 0xf7,
  0xb4, 0xf6, 0x16, 0xf9, 0x67, 0x01, 0x92, 0x06, 0x60, 0x10, 0x4c, 0x1d,
  0x3b, 0x2b, 0xb5, 0x32, 0xd3, 0x32, 0x13, 0x33, 0x58, 0x30, 0x49, 0x1e,
  0xde, 0xfa, 0x93, 0xd9, 0x83, 0xc4, 0x30, 0xb8, 0xaf, 0xb2, 0x24, 0xba,
  0x65, 0xce, 0x44, 0xe4, 0xa5, 0xf7, 0x61, 0x07, 0x12, 0x14, 0x05, 0x17,
  0xf0, 0x0d, 0xcc, 0xfe, 0x8d, 0xf3, 0xc5, 0xef, 0x0a, 0xf0, 0xb3, 0xf3,
  0x8c, 0xfa, 0x8a, 0x03, 0x84, 0x0b, 0x99, 0x11, 0x3c, 0x15, 0x27, 0x14,
  0x37, 0x0d, 0x03, 0x04, 0x3a, 0xfe, 0x3b, 0xfe, 0xc9, 0x02, 0x55, 0x0a,
  0x36, 0x11, 0x05, 0x15, 0x69, 0x15, 0xa2, 0x11, 0xf1, 0x08, 0x9c, 0xfc,
  0xe7, 0xef, 0xa8, 0xe5, 0x00, 0xe1, 0xe8, 0xe3, 0x8e, 0xed, 0x0b, 0xfb,
  0x49, 0x09, 0x30, 0x15, 0x39, 0x1c, 0x32, 0x1d, 0xd7, 0x18, 0x39, 0x0f,
  0xcf, 0x00, 0x6b, 0xf0, 0xd6, 0xe4, 0xda, 0xe1, 0x7a, 0xe9, 0xa5, 0xf5,
  0xc9, 0x00, 0x3d, 0x07, 0x68, 0x09, 0x24, 0x08, 0xe2, 0x04, 0x01, 0x00,
  0x1e, 0xfa, 0x5e, 0xf6, 0x7d, 0xf5, 0xec, 0xf8, 0x00, 0xff, 0x9e, 0x04,
  0xf6, 0x07, 0x34, 0x07, 0x51, 0x04, 0x95, 0x00, 0xde, 0xfd, 0xf8, 0xfa,
  0xee, 0xf7, 0x4d, 0xf6, 0xaa, 0xf6, 0x79, 0xf9, 0xb2, 0xfd, 0xfb, 0x02,
  0x98, 0x06, 0xf1, 0x07, 0xa5, 0x06, 0xc2, 0x05, 0x59, 0x03, 0x8b, 0xff,
  0x22, 0xf9, 0x74, 0xf7, 0x40, 0xfa, 0xfb, 0x01, 0x5b, 0x0f, 0x4d, 0x21,
  0x60, 0x32, 0x2f, 0x3c, 0x14, 0x43, 0xa3, 0x48, 0x24, 0x3d, 0x79, 0x18,
  0x8c, 0xeb, 0xa1, 0xcc, 0x6a, 0xb8, 0xa6, 0xab, 0x72, 0xab, 0x3f, 0xbb,
  0x7f, 0xd3, 0x12, 0xea, 0x7f, 0xfe, 0x92, 0x0e, 0xa7, 0x15, 0x08, 0x0d,
  0xd8, 0xfb, 0x73, 0xee, 0xf8, 0xeb, 0x5b, 0xef, 0x04, 0xf5, 0xa4, 0xfd,
  0x0e, 0x08, 0xba, 0x0f, 0x5c, 0x14, 0x60, 0x17, 0x52, 0x16, 0x2c, 0x0d,
  0x2e, 0xff, 0x0a, 0xf7, 0xa1, 0xf8, 0xcc, 0x00, 0x86, 0x08, 0xf4, 0x0e,
  0x55, 0x14, 0x32, 0x17, 0xd0, 0x15, 0xeb, 0x0f, 0x72, 0x06, 0x3c, 0xfa,
  0x69, 0xed, 0xb0, 0xe3, 0xdb, 0xe1, 0x33, 0xe8, 0x96, 0xf3, 0x95, 0xff,
  0x15, 0x0b, 0xd7, 0x15, 0x5e, 0x1e, 0x78, 0x1e, 0x2a, 0x13, 0xc9, 0x01,
  0x01, 0xf4, 0x4b, 0xed, 0x72, 0xe9, 0x39, 0xec, 0xb3, 0xf6, 0x1c, 0x00,
  0xdd, 0x04, 0x73, 0x08, 0x6c, 0x09, 0x7c, 0x05, 0x0b, 0xfe, 0xaf, 0xf6,
  0xa5, 0xf2, 0xdb, 0xf2, 0x11, 0xf6, 0x11, 0xfb, 0xe3, 0x00, 0xe6, 0x05,
  0x15, 0x08, 0x6b, 0x07, 0x5b, 0x05, 0xca, 0x01, 0xb4, 0xfc, 0xc7, 0xf8,
  0xbf, 0xf7, 0xa3, 0xf8, 0xf5, 0xfa, 0x28, 0xff, 0x61, 0x05, 0xe0, 0x07,
  0x23, 0x07, 0xbb, 0x03, 0x18, 0x02, 0x52, 0xfd, 0xf4, 0xf5, 0xe0, 0xf1,
  0xa0, 0xf4, 0xbc, 0xfb, 0x15, 0x04, 0xcb, 0x0c, 0xef, 0x16, 0xbd, 0x21,
  0x3d, 0x2a, 0x33, 0x2e, 0x80, 0x2d, 0xc3, 0x2c, 0x52, 0x30, 0xdf, 0x2c,
  0xdd, 0x16, 0x80, 0xf1, 0xc5, 0xd5, 0x67, 0xc6, 0x11, 0xbc, 0x01, 0xb6,
  0x91, 0xbe, 0xe7, 0xd0, 0x2f, 0xe0, 0x3d, 0xed, 0x2b, 0xfb, 0xd5, 0x06,
  0x58, 0x06, 0xd7, 0xfc, 0xd3, 0xf3, 0x4c, 0xf5, 0xa7, 0xfc, 0x95, 0x05,
  0xbb, 0x0b, 0x46, 0x11, 0x8a, 0x13, 0x10, 0x14, 0xec, 0x12, 0x09, 0x11,
  0x5d, 0x0b, 0x88, 0x02, 0xcd, 0xfa, 0x41, 0xf9, 0x6a, 0xfe, 0x5d, 0x04,
  0x71, 0x08, 0x90, 0x0a, 0x71, 0x0c, 0xb7, 0x0c, 0x12, 0x0a, 0x63, 0x04,
  0x37, 0xff, 0x2b, 0xf9, 0x91, 0xf1, 0xd4, 0xee, 0x58, 0xf5, 0x15, 0xfe,
  0x93, 0x03, 0x2e, 0x06, 0x7b, 0x0a, 0x15, 0x0d, 0x1a, 0x09, 0xdc, 0x00,
  0x9e, 0xfa, 0x5c, 0xf8, 0x95, 0xf5, 0x4c, 0xf4, 0xa5, 0xf9, 0x2c, 0x03,
  0x89, 0x06, 0x6e, 0x03, 0xd4, 0xff, 0x3d, 0xfc, 0x25, 0xf9, 0xf0, 0xf6,
  0x6a, 0xf6, 0x3b, 0xf8, 0x48, 0xfa, 0x35, 0xfe, 0x9d, 0x02, 0x7d, 0x06,
  0xb0, 0x06, 0x0a, 0x04, 0x72, 0x00, 0x14, 0xfe, 0x9d, 0xfd, 0x2e, 0xfe,
  0xad, 0xff, 0xb0, 0x00, 0xc4, 0x00, 0xc7, 0x01, 0x54, 0x03, 0x34, 0x04,
  0x62, 0x01, 0x4f, 0xfc, 0x8d, 0xf7, 0x92, 0xf7, 0x98, 0xf5, 0x9f, 0xf6,
  0xb3, 0xf9, 0xc6, 0xff, 0x67, 0x04, 0x93, 0x08, 0x93, 0x13, 0xe2, 0x21,
  0x6f, 0x2f, 0xf9, 0x34, 0x41, 0x37, 0x67, 0x39, 0x4c, 0x36, 0x49, 0x25,
  0x52, 0x05, 0x4e, 0xe7, 0xe6, 0xd1, 0x1e, 0xc3, 0x8e, 0xb7, 0xe7, 0xb6,
  0xb9, 0xc2, 0xa5, 0xd2, 0x73, 0xe0, 0x26, 0xed, 0xb9, 0xfa, 0xa6, 0x02,
  0x5d, 0x00, 0x7d, 0xf9, 0xc9, 0xf6, 0xbb, 0xfc, 0x48, 0x04, 0x12, 0x0b,
  0xf7, 0x0f, 0xd3, 0x15, 0xb1, 0x19, 0xc4, 0x19, 0xca, 0x16, 0x79, 0x11,
  0xbc, 0x09, 0x7d, 0xfe, 0x42, 0xf6, 0xf6, 0xf3, 0xe7, 0xf7, 0xf2, 0xfc,
  0x6f, 0x01, 0xc4, 0x06, 0x23, 0x0d, 0x25, 0x10, 0xa6, 0x0c, 0xf1, 0x06,
  0x47, 0x02, 0x1e, 0xfc, 0x94, 0xf3, 0x6f, 0xef, 0x62, 0xf2, 0x3b, 0xf8,
  0xf4, 0xfb, 0x74, 0x02, 0x69, 0x0a, 0x9f, 0x11, 0x4f, 0x0f, 0xbd, 0x07,
  0x55, 0x01, 0xce, 0xfd, 0x8a, 0xf7, 0xfe, 0xef, 0x9c, 0xf1, 0x41, 0xf8,
  0x70, 0xff, 0x7a, 0x03, 0xc2, 0x05, 0x98, 0x06, 0x34, 0x03, 0x0f, 0xfe,
  0xa3, 0xf8, 0xe4, 0xf5, 0x96, 0xf5, 0x4a, 0xf6, 0x0a, 0xf9, 0x2b, 0xfe,
  0x98, 0x03, 0xab, 0x06, 0xbe, 0x06, 0xa5, 0x05, 0x0b, 0x04, 0x23, 0x02,
  0xa4, 0xff, 0x45, 0xfe, 0xcf, 0xfd, 0xe0, 0xfc, 0xd9, 0xfc, 0x4d, 0xfd,
  0xb8, 0xfe, 0x08, 0xff, 0x06, 0xfe, 0x8e, 0xfd, 0xed, 0xfc, 0x99, 0xfd,
  0x9b, 0xfd, 0xeb, 0xff, 0x71, 0x01, 0x99, 0x01, 0xb6, 0x06, 0x81, 0x0c,
  0x88, 0x15, 0xea, 0x1f, 0xaa, 0x28, 0x78, 0x2e, 0xa3, 0x30, 0x89, 0x36,
  0xf2, 0x30, 0x50, 0x1b, 0xf8, 0xfb, 0x5a, 0xe5, 0x9f, 0xd2, 0x8b, 0xc0,
  0x98, 0xb6, 0xfc, 0xb9, 0x7c, 0xc5, 0x93, 0xd0, 0x8e, 0xde, 0xf3, 0xed,
  0x85, 0xfb, 0x30, 0x02, 0xbe, 0xff, 0x85, 0xfc, 0x7b, 0xff, 0xcf, 0x05,
  0x9e, 0x09, 0x9d, 0x0c, 0xcc, 0x12, 0x92, 0x17, 0xf6, 0x19, 0x4d, 0x1a,
  0xbb, 0x19, 0xb8, 0x13, 0xbe, 0x08, 0x95, 0xfc, 0xcb, 0xf5, 0xf3, 0xf5,
  0xcf, 0xf8, 0x15, 0xfb, 0xc0, 0xfe, 0x44, 0x04, 0xf5, 0x08, 0x61, 0x0a,
  0x03, 0x07, 0x49, 0x01, 0xa3, 0xfb, 0xc7, 0xf6, 0x7e, 0xf3, 0x3d, 0xf5,
  0xec, 0xfc, 0xac, 0x03, 0xc0, 0x06, 0x33, 0x08, 0x95, 0x0c, 0xc3, 0x0d,
  0xa1, 0x05, 0x8f, 0xf9, 0x32, 0xf3, 0x18, 0xf6, 0x14, 0xf8, 0xaf, 0xf9,
  0x63, 0xfe, 0xa5, 0x04, 0x86, 0x06, 0x6b, 0x05, 0x11, 0x03, 0x75, 0xff,
  0x29, 0xfc, 0xd5, 0xf8, 0xf5, 0xf5, 0x60, 0xf6, 0xad, 0xf9, 0x13, 0xfd,
  0xca, 0xfe, 0x86, 0x01, 0xa0, 0x03, 0x38, 0x03, 0x4b, 0x01, 0x85, 0x00,
  0x6c, 0x00, 0xb1, 0xff, 0xda, 0xfe, 0xbc, 0xfe, 0xd0, 0xfe, 0x3f, 0xff,
  0x0e, 0xff, 0xbb, 0xfe, 0x25, 0xfd, 0x91, 0xfb, 0x6c, 0xfa, 0x31, 0xfc,
  0x04, 0xfd, 0x2c, 0xfc, 0x8b, 0xfb, 0x6e, 0xff, 0x00, 0x05, 0x28, 0x07,
  0x27, 0x0d, 0x6a, 0x17, 0x91, 0x24, 0xab, 0x2c, 0x44, 0x30, 0x36, 0x38,
  0x7d, 0x3e, 0xe3, 0x35, 0xf9, 0x17, 0xa0, 0xf8, 0xa1, 0xe0, 0xe7, 0xcc,
  0xd2, 0xbb, 0xa3, 0xb6, 0x61, 0xbe, 0xad, 0xc8, 0xd6, 0xd4, 0x9f, 0xe1,
  0x85, 0xef, 0xa5, 0xf8, 0x23, 0xfa, 0xb4, 0xf5, 0x54, 0xf3, 0xba, 0xf8,
  0x55, 0x02, 0xfa, 0x0b, 0x26, 0x14, 0x7f, 0x1a, 0xba, 0x1e, 0x72, 0x1f,
  0x50, 0x1e, 0x32, 0x19, 0x97, 0x0f, 0x83, 0x02, 0x6e, 0xf8, 0x57, 0xf4,
  0xa8, 0xf5, 0xfa, 0xf9, 0xfa, 0xfd, 0xa4, 0x01, 0x7d, 0x05, 0x00, 0x09,
  0x4f, 0x08, 0x82, 0x04, 0xa5, 0x00, 0x8d, 0xfb, 0x67, 0xf5, 0xc0, 0xf3,
  0xc7, 0xf8, 0x92, 0xfe, 0x9a, 0x02, 0xec, 0x06, 0x04, 0x0c, 0x23, 0x0f,
  0x9f, 0x0c, 0xc0, 0x05, 0x34, 0xfe, 0x02, 0xf9, 0x57, 0xf3, 0x1e, 0xf0,
  0x13, 0xf4, 0x5c, 0xfc, 0x45, 0x02, 0x41, 0x04, 0xdb, 0x05, 0x37, 0x05,
  0x35, 0x02, 0x4f, 0xfd, 0xa2, 0xf8, 0x39, 0xf6, 0xf0, 0xf6, 0x36, 0xf9,
  0xbb, 0xfc, 0x9f, 0x01, 0x88, 0x04, 0xb6, 0x04, 0x15, 0x03, 0x6b, 0x01,
  0x50, 0xff, 0xfc, 0xfd, 0x70, 0xfd, 0x11, 0xfd, 0x68, 0xfe, 0x00, 0x00,
  0x2d, 0x02, 0x66, 0x02, 0x6b, 0x01, 0x3f, 0xfd, 0x8c, 0xf9, 0x92, 0xf7,
  0x5e, 0xf5, 0x98, 0xf5, 0xb2, 0xf6, 0xa7, 0xfa, 0xd4, 0x00, 0x77, 0x07,
  0x49, 0x0e, 0xe7, 0x15, 0xa7, 0x1e, 0xe7, 0x25, 0xed, 0x27, 0x68, 0x2d,
  0xdc, 0x33, 0xe7, 0x3b, 0xee, 0x2d, 0x3f, 0x12, 0x15, 0xf7, 0x86, 0xe5,
  0xf1, 0xd2, 0x4f, 0xc3, 0xe5, 0xc2, 0x4d, 0xc7, 0xa2, 0xcb, 0xfa, 0xd1,
  0x18, 0xe1, 0xdf, 0xec, 0x5c, 0xf1, 0xa1, 0xef, 0x38, 0xee, 0x43, 0xf0,
  0xc3, 0xfa, 0xe1, 0x07, 0x24, 0x13, 0xac, 0x18, 0x1d, 0x1c, 0x99, 0x1b,
  0x2d, 0x1c, 0xec, 0x1a, 0x6d, 0x15, 0x58, 0x09, 0x19, 0xfe, 0x1f, 0xf7,
  0xec, 0xf6, 0xb0, 0xfb, 0xf4, 0x00, 0x40, 0x03, 0x18, 0x04, 0x74, 0x06,
  0x83, 0x06, 0x08, 0x04, 0x22, 0x00, 0x80, 0xfc, 0x13, 0xf7, 0x09, 0xf4,
  0xdb, 0xf6, 0x88, 0xfd, 0x70, 0x03, 0x9f, 0x07, 0xd7, 0x0a, 0x4f, 0x0c,
  0x57, 0x0c, 0x8f, 0x09, 0x6d, 0x04, 0xd9, 0xfd, 0x98, 0xf7, 0xa5, 0xf2,
  0x26, 0xf0, 0x17, 0xf6, 0x0a, 0xfe, 0x23, 0x03, 0xc1, 0x03, 0xfc, 0x03,
  0x09, 0x02, 0x3d, 0xff, 0x31, 0xfd, 0x67, 0xfa, 0xdb, 0xf7, 0xfe, 0xf6,
  0x3a, 0xfa, 0xc0, 0xfe, 0xe9, 0x03, 0x06, 0x07, 0x38, 0x06, 0x1d, 0x02,
  0x58, 0xff, 0xd1, 0xfd, 0xa0, 0xfc, 0x7f, 0xfb, 0xb6, 0xfa, 0x3c, 0xfa,
  0xb4, 0xfb, 0x8a, 0x00, 0x7d, 0x03, 0x01, 0x04, 0x51, 0x00, 0x67, 0xfc,
  0x82, 0xf6, 0xb9, 0xf4, 0xe9, 0xf3, 0x8d, 0xf5, 0x48, 0xf9, 0x0d, 0x00,
  0xfd, 0x0a, 0x18, 0x15, 0x86, 0x1d, 0xad, 0x24, 0xc4, 0x27, 0x73, 0x27,
  0xfa, 0x23, 0x7a, 0x26, 0x0c, 0x2f, 0x60, 0x2c, 0xa3, 0x15, 0xda, 0xfc,
  0x22, 0xee, 0xe7, 0xde, 0x46, 0xcd, 0xe6, 0xc4, 0x54, 0xc7, 0x65, 0xc7,
  0x14, 0xcb, 0x66, 0xd6, 0xd3, 0xe5, 0xfb, 0xef, 0x48, 0xf4, 0x09, 0xf3,
  0x72, 0xf3, 0x63, 0xf9, 0xbd, 0x03, 0x11, 0x0b, 0x06, 0x14, 0x72, 0x18,
  0x57, 0x1b, 0x61, 0x1a, 0x73, 0x1e, 0x29, 0x1e, 0x77, 0x17, 0xaf, 0x0a,
  0x20, 0x00, 0x08, 0xfa, 0x91, 0xf7, 0xcf, 0xf9, 0x64, 0xfb, 0xa7, 0xfd,
  0xae, 0xfd, 0x9a, 0xff, 0x5c, 0x01, 0xc4, 0x01, 0x80, 0xff, 0x38, 0xfc,
  0xbf, 0xf7, 0x6e, 0xf6, 0xc7, 0xf9, 0x6c, 0xff, 0x3e, 0x04, 0xa3, 0x08,
  0x58, 0x0b, 0xe7, 0x0c, 0xfe, 0x0c, 0xfb, 0x09, 0xb0, 0x04, 0xc1, 0xfe,
  0x2c, 0xf9, 0x1a, 0xf5, 0x8a, 0xf4, 0x29, 0xf8, 0xb9, 0xfb, 0xd3, 0xfe,
  0xa5, 0x00, 0xab, 0x01, 0xbf, 0x01, 0xa7, 0xff, 0x01, 0xfd, 0x04, 0xfa,
  0x04, 0xfa, 0xea, 0xf9, 0x1b, 0xfc, 0xad, 0xff, 0x2a, 0x03, 0x6e, 0x04,
  0xda, 0x04, 0x69, 0x04, 0x98, 0x01, 0xc0, 0xfe, 0x51, 0xfc, 0xbc, 0xf9,
  0x59, 0xf9, 0xd9, 0xfa, 0x6d, 0xfc, 0x17, 0xfd, 0x08, 0xfe, 0x7b, 0xfe,
  0xa5, 0xfe, 0xe4, 0xfd, 0x4e, 0xfb, 0x09, 0xf9, 0x2c, 0xf9, 0x71, 0xfa,
  0xeb, 0xfa, 0xeb, 0xfd, 0xb3, 0x04, 0x50, 0x0a, 0xfe, 0x0e, 0xb6, 0x11,
  0xe6, 0x18, 0xb2, 0x1f, 0xb2, 0x27, 0xb1, 0x27, 0x99, 0x27, 0x6c, 0x2b,
  0x63, 0x32, 0x6a, 0x2a, 0xe9, 0x0a, 0x7e, 0xed, 0x5a, 0xdf, 0x95, 0xd7,
  0x99, 0xc6, 0xbb, 0xbf, 0xa2, 0xc8, 0x26, 0xd2, 0xf2, 0xd3, 0x1b, 0xd9,
  0xbf, 0xe7, 0x60, 0xf2, 0x0b, 0xf0, 0x77, 0xe8, 0x5b, 0xea, 0x1e, 0xf8,
  0x8a, 0x07, 0x3d, 0x11, 0xe4, 0x17, 0x91, 0x20, 0x70, 0x26, 0x2b, 0x26,
  0xc7, 0x23, 0x9e, 0x20, 0x99, 0x19, 0x16, 0x0b, 0xfc, 0xfd, 0xa5, 0xf7,
  0x5d, 0xf9, 0x08, 0xfa, 0x66, 0xf9, 0xf5, 0xf8, 0xd2, 0xfb, 0x68, 0xfe,
  0x82, 0xfd, 0x14, 0xfc, 0x6c, 0xfa, 0x07, 0xf8, 0xee, 0xf3, 0x80, 0xf5,
  0x4a, 0xfc, 0xde, 0x04, 0x76, 0x08, 0x63, 0x0b, 0x57, 0x0e, 0x54, 0x0f,
  0x69, 0x0b, 0x41, 0x06, 0x2d, 0x03, 0xa4, 0xfe, 0x6d, 0xf8, 0x12, 0xf4,
  0xeb, 0xf6, 0x85, 0xfa, 0xdf, 0xfb, 0xf0, 0xfa, 0x9d, 0xfc, 0xed, 0xfc,
  0x77, 0xfb, 0xd7, 0xfa, 0xee, 0xfb, 0x2c, 0xfc, 0x31, 0xfc, 0x20, 0xfe,
  0xdf, 0x00, 0x57, 0x04, 0xa1, 0x07, 0xa4, 0x08, 0xf0, 0x06, 0x0e, 0x05,
  0x67, 0x03, 0x3e, 0x00, 0xcb, 0xfd, 0xce, 0xfb, 0x14, 0xfa, 0x93, 0xf9,
  0x1c, 0xfc, 0x37, 0xfe, 0x3f, 0xff, 0xf4, 0xfe, 0x88, 0xfe, 0x7e, 0xfc,
  0x00, 0xfc, 0x0a, 0xfb, 0x1e, 0xfa, 0xb2, 0xf6, 0xb4, 0xf6, 0x0d, 0xf8,
  0x8a, 0xfa, 0xc9, 0xfa, 0xf8, 0xfb, 0xa7, 0x01, 0x76, 0x08, 0x81, 0x10,
  0xb7, 0x16, 0x35, 0x21, 0x3c, 0x2d, 0x2d, 0x33, 0x92, 0x32, 0x25, 0x33,
  0x39, 0x3e, 0xbe, 0x3b, 0x21, 0x17, 0x70, 0xe9, 0x48, 0xd6, 0x78, 0xd8,
  0x2f, 0xc9, 0x45, 0xba, 0xf3, 0xbb, 0x1e, 0xcd, 0x50, 0xd1, 0x8f, 0xd1,
  0x23, 0xd9, 0x42, 0xe8, 0xe9, 0xf0, 0x2f, 0xea, 0xbe, 0xe0, 0xbc, 0xeb,
  0xd5, 0x04, 0xd7, 0x13, 0x74, 0x15, 0xbb, 0x1e, 0xb5, 0x2a, 0x5e, 0x30,
  0x53, 0x2f, 0x34, 0x30, 0x60, 0x2b, 0xf2, 0x1d, 0xdc, 0x0a, 0x78, 0xfa,
  0xee, 0xf3, 0x92, 0xf3, 0x34, 0xf2, 0x35, 0xed, 0x16, 0xee, 0x9c, 0xf2,
  0x81, 0xf8, 0xda, 0xfa, 0x92, 0xfc, 0x9b, 0xfa, 0x97, 0xf6, 0x67, 0xf2,
  0xd0, 0xf5, 0x7f, 0xfe, 0xe0, 0x06, 0x7f, 0x0b, 0x1a, 0x10, 0x7c, 0x13,
  0x69, 0x15, 0x33, 0x15, 0xfd, 0x11, 0x42, 0x0a, 0x15, 0x01, 0x0b, 0xf9,
  0x6a, 0xf3, 0x53, 0xf2, 0x90, 0xf4, 0x7d, 0xf6, 0x87, 0xf4, 0x8c, 0xf4,
  0x34, 0xf8, 0xfc, 0xfa, 0x40, 0xf9, 0xdd, 0xf7, 0x7c, 0xf8, 0xb8, 0xf7,
  0x61, 0xf8, 0x18, 0xfd, 0x31, 0x03, 0x66, 0x05, 0x5b, 0x07, 0xac, 0x09,
  0xbf, 0x09, 0x25, 0x0a, 0xc9, 0x09, 0xfa, 0x05, 0xa7, 0x00, 0xe4, 0xfe,
  0x07, 0xff, 0x4a, 0xfe, 0x9e, 0xff, 0x06, 0x01, 0x43, 0x00, 0xc2, 0xfe,
  0x05, 0xff, 0xf4, 0xfe, 0x02, 0xfc, 0x36, 0xf9, 0x50, 0xf5, 0x70, 0xf3,
  0x96, 0xf1, 0x6d, 0xf1, 0x22, 0xf0, 0x2b, 0xf2, 0xfa, 0xf5, 0x2c, 0xfa,
  0xaa, 0xfc, 0x39, 0x01, 0xad, 0x08, 0xeb, 0x11, 0x3d, 0x18, 0xdf, 0x1f,
  0x51, 0x2b, 0x4e, 0x3a, 0x30, 0x3e, 0x61, 0x37, 0x8d, 0x37, 0xa7, 0x43,
  0x44, 0x41, 0xce, 0x0b, 0xec, 0xd9, 0x90, 0xcb, 0x7e, 0xd6, 0x9c, 0xc4,
  0x48, 0xb1, 0xc3, 0xb5, 0x54, 0xc8, 0xc4, 0xcc, 0x41, 0xca, 0xd8, 0xd1,
  0xc7, 0xe3, 0x1f, 0xf0, 0x2b, 0xe5, 0x47, 0xd8, 0x7e, 0xe9, 0xc0, 0x0d,
  0xc4, 0x1b, 0x4b, 0x16, 0x50, 0x1b, 0xb0, 0x30, 0x9e, 0x3b, 0x21, 0x3c,
  0xf1, 0x37, 0xbe, 0x35, 0xf6, 0x24, 0xcb, 0x11, 0x44, 0xfc, 0xae, 0xf4,
  0xdb, 0xf1, 0x54, 0xef, 0x1f, 0xe4, 0xa2, 0xe0, 0x30, 0xe8, 0xa8, 0xf4,
  0x17, 0xf8, 0xc3, 0xf5, 0x40, 0xf3, 0x9e, 0xf1, 0x4f, 0xf0, 0xb8, 0xf4,
  0x6c, 0xfe, 0xe4, 0x05, 0x79, 0x0a, 0xce, 0x11, 0xea, 0x1b, 0x05, 0x23,
  0xfb, 0x24, 0x9d, 0x23, 0x79, 0x1c, 0x1c, 0x0f, 0xd9, 0x00, 0xd9, 0xf6,
  0x2d, 0xf1, 0x81, 0xed, 0xcd, 0xe7, 0xac, 0xe2, 0xb6, 0xe3, 0x72, 0xec,
  0x54, 0xf3, 0xbe, 0xf3, 0x51, 0xf3, 0x2c, 0xf5, 0x68, 0xf6, 0x42, 0xf5,
  0x26, 0xf8, 0xb8, 0xfe, 0x66, 0x04, 0xa2, 0x06, 0x9c, 0x08, 0x28, 0x0e,
  0x7a, 0x15, 0x9c, 0x18, 0xf1, 0x14, 0x5d, 0x0f, 0x04, 0x0c, 0x98, 0x09,
  0xce, 0x05, 0x51, 0x02, 0x3c, 0xff, 0xc9, 0xfb, 0xea, 0xf7, 0x76, 0xf7,
  0xfa, 0xf8, 0x20, 0xfa, 0x6d, 0xf7, 0x50, 0xf4, 0x0d, 0xf1, 0x9a, 0xf0,
  0x85, 0xf0, 0x2e, 0xf0, 0x3e, 0xef, 0xa1, 0xf1, 0xdd, 0xf5, 0x1f, 0xf9,
  0x61, 0xfa, 0x7e, 0xfd, 0x94, 0x01, 0x5e, 0x02, 0x7f, 0xfe, 0x5b, 0xfd,
  0xa5, 0x02, 0xcd, 0x0b, 0xb1, 0x10, 0xb1, 0x17, 0xb7, 0x28, 0x6d, 0x42,
  0xbf, 0x52, 0xca, 0x50, 0x80, 0x53, 0xb0, 0x60, 0x81, 0x54, 0xff, 0x19,
  0x10, 0xdb, 0xef, 0xc7, 0x26, 0xc9, 0x32, 0xb9, 0x4d, 0x95, 0x6c, 0x8e,
  0x19, 0xa4, 0x39, 0xc2, 0xd3, 0xc5, 0x57, 0xcc, 0x88, 0xe2, 0x51, 0xf8,
  0x52, 0xf1, 0xaa, 0xda, 0xf9, 0xe0, 0xe7, 0x01, 0xe4, 0x11, 0x47, 0x09,
  0x63, 0x09, 0x70, 0x27, 0x62, 0x48, 0x2f, 0x57, 0x2e, 0x54, 0x71, 0x4d,
  0x84, 0x44, 0x9e, 0x32, 0x9e, 0x18, 0xa2, 0xfd, 0xf0, 0xec, 0xf5, 0xde,
  0xfa, 0xd0, 0x79, 0xc8, 0x84, 0xcc, 0xf2, 0xdb, 0x86, 0xeb, 0x55, 0xf2,
  0x71, 0xf2, 0xc6, 0xf1, 0xb0, 0xf5, 0x84, 0xfc, 0x74, 0xff, 0xc3, 0xfc,
  0x9b, 0xfb, 0x69, 0x02, 0x0b, 0x0f, 0x7a, 0x1a, 0xeb, 0x24, 0x3e, 0x31,
  0xd5, 0x39, 0x7b, 0x37, 0xb9, 0x2b, 0x0a, 0x21, 0xfe, 0x14, 0x02, 0x02,
  0xa9, 0xe8, 0x08, 0xd5, 0x90, 0xc9, 0x1b, 0xc6, 0xda, 0xc7, 0x2f, 0xcf,
  0xbd, 0xd7, 0x12, 0xe3, 0xd4, 0xef, 0x99, 0xfc, 0x12, 0x06, 0x9e, 0x0c,
  0x6b, 0x0f, 0x22, 0x0e, 0x04, 0x0c, 0x2e, 0x0b, 0xf4, 0x0c, 0xc9, 0x0c,
  0xf2, 0x0d, 0x86, 0x0f, 0x44, 0x12, 0x29, 0x12, 0x8f, 0x13, 0xcd, 0x14,
  0xef, 0x10, 0xec, 0x07, 0x10, 0xff, 0x49, 0xfa, 0xbe, 0xf4, 0x36, 0xee,
  0xff, 0xe8, 0x53, 0xe8, 0x69, 0xeb, 0x9c, 0xef, 0x48, 0xf3, 0x64, 0xf6,
  0xfa, 0xf9, 0x77, 0xfc, 0xdc, 0xfb, 0x1b, 0xf9, 0xd5, 0xf7, 0xb6, 0xf7,
  0xad, 0xf6, 0x9b, 0xf6, 0xe5, 0xf8, 0x85, 0xfc, 0xa4, 0xfe, 0x64, 0x02,
  0x60, 0x05, 0x07, 0x07, 0xe0, 0x07, 0xe8, 0x09, 0x50, 0x0d, 0x2e, 0x12,
  0xf7, 0x17, 0x47, 0x1f, 0x8c, 0x2d, 0xd3, 0x3a, 0xe3, 0x3c, 0xb3, 0x40,
  0xdc, 0x51, 0x37, 0x65, 0x59, 0x45, 0x65, 0x08, 0xef, 0xe5, 0xa4, 0xe7,
  0x61, 0xda, 0xb3, 0xaa, 0xeb, 0x8e, 0x38, 0x92, 0x3b, 0xa4, 0x86, 0xa3,
  0x4e, 0xa9, 0x73, 0xc2, 0x48, 0xe5, 0xfc, 0xec, 0xde, 0xe2, 0xe0, 0xe3,
  0x14, 0x01, 0x72, 0x17, 0x99, 0x0d, 0x3b, 0xf8, 0x0b, 0xff, 0x01, 0x1d,
  0x5a, 0x35, 0x0c, 0x3c, 0xf4, 0x42, 0x03, 0x4a, 0x9c, 0x4d, 0x9e, 0x45,
  0xbf, 0x38, 0x1c, 0x2a, 0xa1, 0x19, 0xef, 0x01, 0x08, 0xe3, 0xa3, 0xcc,
  0x20, 0xc6, 0x32, 0xcd, 0x4d, 0xd1, 0x98, 0xcf, 0x2e, 0xd2, 0xc3, 0xe0,
  0x3f, 0xf5, 0x55, 0x07, 0x4c, 0x10, 0xe9, 0x10, 0x1d, 0x0f, 0x7d, 0x10,
  0x33, 0x11, 0x90, 0x0f, 0x28, 0x0f, 0x47, 0x13, 0xdf, 0x14, 0xc6, 0x13,
  0x36, 0x14, 0x00, 0x1a, 0x18, 0x1e, 0x71, 0x1a, 0x2d, 0x0d, 0xe4, 0xfa,
  0xa3, 0xec, 0x12, 0xe6, 0x2b, 0xe0, 0x4a, 0xd6, 0x04, 0xce, 0xe7, 0xcd,
  0x27, 0xd5, 0xf2, 0xe1, 0x1a, 0xf1, 0xd0, 0xfe, 0xca, 0x09, 0xaa, 0x13,
  0xa1, 0x1b, 0x92, 0x1f, 0xaa, 0x20, 0x0b, 0x20, 0x3b, 0x1a, 0x5c, 0x0f,
  0x6c, 0x05, 0x61, 0x00, 0x48, 0xff, 0xf2, 0xfe, 0x9f, 0xfd, 0x00, 0xfa,
  0x33, 0xf8, 0x96, 0xfa, 0x15, 0xfc, 0xde, 0xf8, 0x28, 0xf5, 0x21, 0xf3,
  0x68, 0xf0, 0x2f, 0xed, 0xbd, 0xec, 0x63, 0xef, 0x58, 0xf4, 0xd1, 0xf9,
  0x5f, 0xfe, 0x44, 0x01, 0x84, 0x05, 0x2c, 0x0b, 0x71, 0x0e, 0xbf, 0x0c,
  0x8e, 0x08, 0x51, 0x04, 0x59, 0x00, 0x48, 0xfc, 0xec, 0xfa, 0x05, 0xfa,
  0x5f, 0xfa, 0x0f, 0xfc, 0xff, 0x00, 0x52, 0x04, 0x18, 0x09, 0xb2, 0x0e,
  0xcf, 0x12, 0xd4, 0x10, 0x24, 0x0a, 0x44, 0x06, 0xd7, 0x05, 0xda, 0x03,
  0x07, 0xfd, 0x17, 0xf8, 0xcb, 0x01, 0x09, 0x10, 0x83, 0x16, 0x72, 0x17,
  0x84, 0x2e, 0xc3, 0x4b, 0x3f, 0x4a, 0x0d, 0x27, 0xcb, 0x0c, 0xb0, 0x0c,
  0x04, 0x07, 0x3d, 0xe9, 0x78, 0xc3, 0x74, 0xb2, 0x5f, 0xad, 0xbd, 0xac,
  0x53, 0xad, 0x57, 0xb8, 0xe4, 0xc6, 0xcb, 0xd1, 0x58, 0xd8, 0x51, 0xe3,
  0xe5, 0xf9, 0xf0, 0x10, 0x76, 0x16, 0xbd, 0x08, 0xf6, 0xfb, 0xf4, 0x04,
  0x86, 0x14, 0x76, 0x19, 0x7e, 0x13, 0x7c, 0x15, 0xb1, 0x1d, 0x41, 0x27,
  0x77, 0x31, 0x67, 0x3e, 0x38, 0x43, 0x7e, 0x38, 0xe6, 0x29, 0x99, 0x22,
  0xb7, 0x1b, 0x2c, 0x0b, 0x6f, 0xf4, 0x8c, 0xe1, 0xd4, 0xd0, 0xaa, 0xc2,
  0x97, 0xc0, 0x17, 0xca, 0x70, 0xd3, 0x7c, 0xd8, 0x1d, 0xe2, 0xa1, 0xf1,
  0xf8, 0x02, 0x16, 0x11, 0x8b, 0x1a, 0xf2, 0x1c, 0x27, 0x1b, 0x37, 0x19,
  0xeb, 0x16, 0xc8, 0x13, 0xae, 0x10, 0x87, 0x0c, 0xb4, 0x04, 0x78, 0xff,
  0xa3, 0x02, 0x60, 0x0a, 0x77, 0x0b, 0x2a, 0x07, 0xc9, 0x02, 0x96, 0x00,
  0xc1, 0xfe, 0xfe, 0xfc, 0xa1, 0xf8, 0x39, 0xf2, 0xd5, 0xe8, 0xba, 0xdf,
  0x3e, 0xdc, 0x18, 0xe2, 0x5b, 0xe9, 0x98, 0xea, 0x48, 0xea, 0xed, 0xf0,
  0x8a, 0xfe, 0xcc, 0x0b, 0x7b, 0x15, 0x91, 0x18, 0x07, 0x16, 0x58, 0x14,
  0x4b, 0x16, 0x88, 0x16, 0xfb, 0x10, 0xf8, 0x09, 0xa3, 0x03, 0x61, 0xfc,
  0x5c, 0xf6, 0xc7, 0xf6, 0xf3, 0xfa, 0x7e, 0xfb, 0x0a, 0xf9, 0x61, 0xf7,
  0xbe, 0xf9, 0x08, 0x00, 0xa1, 0x05, 0x3f, 0x04, 0xea, 0xfe, 0x40, 0xfb,
  0xcd, 0xfb, 0x9e, 0xfc, 0xcf, 0xfb, 0xb6, 0xf9, 0xbc, 0xf8, 0xf3, 0xf9,
  0x9f, 0xfc, 0x0c, 0x00, 0xc1, 0x02, 0xc1, 0x04, 0x3b, 0x04, 0xd0, 0x03,
  0x8e, 0x02, 0xca, 0x03, 0xe7, 0x03, 0x80, 0x03, 0xc9, 0xff, 0x81, 0xfe,
  0x30, 0x00, 0x13, 0x03, 0x16, 0x03, 0x57, 0x01, 0xcb, 0xff, 0x08, 0xfe,
  0x71, 0xfe, 0x25, 0xfd, 0xf7, 0xfc, 0x8b, 0xff, 0xa3, 0x04, 0x14, 0x06,
  0x26, 0x08, 0x82, 0x18, 0x01, 0x32, 0xd2, 0x3b, 0x19, 0x2f, 0x53, 0x26,
  0x26, 0x29, 0x35, 0x27, 0x2c, 0x1a, 0xe8, 0x05, 0x93, 0xf6, 0xe4, 0xe3,
  0x6f, 0xd0, 0x7b, 0xba, 0x4b, 0xb8, 0xd5, 0xc1, 0x2d, 0xc1, 0x56, 0xaf,
  0x53, 0xaa, 0xd6, 0xc4, 0x5d, 0xe4, 0x9d, 0xec, 0x75, 0xe4, 0x50, 0xe7,
  0x11, 0xf7, 0x49, 0x08, 0xde, 0x12, 0x6b, 0x16, 0xd9, 0x17, 0xc3, 0x18,
  0x6a, 0x21, 0x1c, 0x29, 0x3f, 0x31, 0xba, 0x39, 0x73, 0x3e, 0xb9, 0x37,
  0xdf, 0x2e, 0x7b, 0x2e, 0x54, 0x31, 0xa2, 0x2a, 0x7a, 0x17, 0x50, 0x03,
  0x6e, 0xf4, 0xae, 0xeb, 0x2a, 0xe6, 0xcd, 0xdf, 0xde, 0xd7, 0xba, 0xd0,
  0x83, 0xd1, 0x8c, 0xd7, 0x1a, 0xdf, 0xfe, 0xe6, 0xb7, 0xee, 0xfe, 0xf3,
  0xbe, 0xf6, 0x10, 0xfb, 0x16, 0x03, 0x68, 0x0a, 0x68, 0x0e, 0xae, 0x0c,
  0xc7, 0x08, 0xf4, 0x08, 0xf8, 0x0f, 0x85, 0x15, 0x98, 0x15, 0x4e, 0x10,
  0x2a, 0x0d, 0xce, 0x0e, 0xf5, 0x11, 0xb0, 0x10, 0xfe, 0x0b, 0xde, 0x05,
  0xdd, 0x00, 0xf2, 0xfa, 0x04, 0xf7, 0x0c, 0xf5, 0xee, 0xf2, 0xb0, 0xeb,
  0x93, 0xe5, 0x41, 0xe3, 0x3f, 0xe6, 0x6c, 0xeb, 0xaa, 0xef, 0x1f, 0xf0,
  0xdd, 0xf0, 0xf9, 0xf6, 0xfa, 0xfe, 0xef, 0x04, 0xdb, 0x07, 0x74, 0x09,
  0x36, 0x0b, 0xa7, 0x0c, 0xef, 0x0d, 0xb3, 0x0f, 0x3e, 0x10, 0xe7, 0x0e,
  0x99, 0x0c, 0xf7, 0x09, 0x40, 0x08, 0x05, 0x08, 0xaf, 0x06, 0x2e, 0x04,
  0x05, 0x01, 0xe0, 0xfd, 0xed, 0xfb, 0x83, 0xfb, 0x18, 0xfb, 0x6a, 0xf9,
  0xdd, 0xf7, 0x2a, 0xf7, 0x58, 0xf7, 0x42, 0xf8, 0xb0, 0xf9, 0xb6, 0xfa,
  0x16, 0xfb, 0x27, 0xfc, 0x87, 0xfd, 0x84, 0xff, 0xdf, 0x00, 0xd9, 0x01,
  0xfe, 0x01, 0xe5, 0x01, 0xdc, 0x01, 0x71, 0x02, 0x60, 0x02, 0x42, 0x01,
  0x07, 0x00, 0x35, 0x00, 0x52, 0x00, 0xa3, 0x00, 0xee, 0xff, 0x79, 0x00,
  0xb3, 0x00, 0x6a, 0x01, 0x87, 0xff, 0x06, 0x00, 0x0a, 0x00, 0x8a, 0xff,
  0x66, 0xfb, 0x4d, 0xf8, 0x03, 0xfa, 0xe3, 0xfd, 0xaf, 0x00, 0xa4, 0x01,
  0x5a, 0x06, 0xc2, 0x13, 0x8a, 0x26, 0xea, 0x2e, 0x90, 0x28, 0x9a, 0x25,
  0x3c, 0x29, 0xbd, 0x2b, 0xb9, 0x1f, 0x95, 0x11, 0xa0, 0x04, 0xf5, 0xf6,
  0x58, 0xe5, 0x79, 0xd6, 0xb7, 0xcd, 0xb6, 0xc7, 0x50, 0xc3, 0x33, 0xbd,
  0xc0, 0xb9, 0x1f, 0xbf, 0xd6, 0xce, 0x1c, 0xda, 0x61, 0xda, 0xe2, 0xdb,
  0x4a, 0xe7, 0x29, 0xf7, 0x6a, 0x02, 0xa6, 0x08, 0xff, 0x0c, 0x9e, 0x10,
  0x73, 0x19, 0xee, 0x23, 0x61, 0x2b, 0x3f, 0x2d, 0x6c, 0x31, 0xd3, 0x37,
  0x85, 0x3b, 0x21, 0x39, 0xec, 0x36, 0x9b, 0x36, 0x47, 0x33, 0xf9, 0x26,
  0xa8, 0x17, 0x41, 0x0d, 0xec, 0x06, 0xc2, 0xfb, 0x27, 0xeb, 0xfb, 0xdb,
  0x0d, 0xd5, 0x47, 0xd2, 0xda, 0xce, 0x93, 0xca, 0x39, 0xca, 0x80, 0xce,
  0x29, 0xd5, 0x7e, 0xdb, 0xbc, 0xe2, 0x1f, 0xeb, 0xd0, 0xf3, 0x4f, 0xfa,
  0x47, 0xff, 0xe2, 0x04, 0x1d, 0x0c, 0x47, 0x12, 0x9e, 0x15, 0x7d, 0x16,
  0x2b, 0x18, 0x78, 0x1b, 0x2a, 0x1f, 0xfd, 0x1f, 0xc1, 0x1d, 0xeb, 0x1a,
  0x17, 0x1a, 0x73, 0x19, 0xe2, 0x15, 0xf3, 0x0e, 0x06, 0x08, 0x6d, 0x02,
  0xa1, 0xfc, 0xf2, 0xf4, 0x03, 0xee, 0xc6, 0xe9, 0x26, 0xe7, 0x45, 0xe3,
  0x99, 0xdf, 0x7f, 0xdf, 0x0a, 0xe4, 0xdc, 0xe8, 0x79, 0xeb, 0xff, 0xed,
  0xc2, 0xf3, 0x96, 0xfb, 0xd2, 0x02, 0x30, 0x07, 0xb4, 0x09, 0x27, 0x0c,
  0x67, 0x0f, 0xd7, 0x11, 0x34, 0x12, 0x1a, 0x11, 0x4a, 0x10, 0x19, 0x0f,
  0x75, 0x0c, 0xf9, 0x09, 0xf9, 0x08, 0xfb, 0x07, 0xf9, 0x04, 0x88, 0x01,
  0xef, 0xfe, 0xa8, 0xfd, 0xe3, 0xfc, 0x66, 0xfb, 0xa5, 0xf8, 0xca, 0xf5,
  0xd0, 0xf4, 0x06, 0xf5, 0x0b, 0xf5, 0x47, 0xf4, 0x73, 0xf4, 0xa4, 0xf5,
  0xff, 0xf6, 0x8d, 0xf8, 0x49, 0xfb, 0x42, 0xfe, 0xba, 0x00, 0x9f, 0x02,
  0xca, 0x04, 0x42, 0x07, 0x02, 0x0a, 0x7e, 0x0b, 0x76, 0x0b, 0x94, 0x0a,
  0xda, 0x0a, 0x3d, 0x0b, 0x3a, 0x0a, 0xc5, 0x07, 0x6e, 0x05, 0x6c, 0x03,
  0xd5, 0x00, 0xb5, 0xfe, 0xc0, 0xfc, 0xb2, 0xfa, 0xa9, 0xf8, 0xfa, 0xf6,
  0x5b, 0xf6, 0x78, 0xf6, 0x2d, 0xf7, 0x3d, 0xf7, 0x2a, 0xf8, 0xb9, 0xf8,
  0x94, 0xfa, 0x94, 0xfc, 0x29, 0xff, 0x6f, 0xff, 0xdd, 0xfe, 0xd5, 0xff,
  0xf8, 0x02, 0xf5, 0x04, 0xee, 0x04, 0x06, 0x06, 0xe7, 0x0b, 0x29, 0x12,
  0x6a, 0x14, 0x4d, 0x12, 0xab, 0x13, 0x51, 0x17, 0xfb, 0x17, 0x64, 0x12,
  0x98, 0x0c, 0x76, 0x09, 0x48, 0x04, 0x4d, 0xfb, 0x08, 0xf3, 0x59, 0xef,
  0x0f, 0xec, 0x9d, 0xe6, 0x32, 0xe1, 0x1b, 0xdf, 0x37, 0xe0, 0x66, 0xe3,
  0x50, 0xe6, 0x2c, 0xe7, 0xd5, 0xe7, 0x7a, 0xec, 0x9c, 0xf3, 0xa0, 0xf7,
  0x38, 0xf8, 0x0f, 0xfa, 0x1c, 0xff, 0x09, 0x04, 0x04, 0x07, 0x8d, 0x09,
  0x50, 0x0d, 0xb1, 0x11, 0xe8, 0x14, 0x59, 0x17, 0x73, 0x19, 0x2b, 0x1c,
  0x78, 0x1d, 0x8c, 0x1c, 0x15, 0x1a, 0x2e, 0x18, 0xd4, 0x16, 0x96, 0x13,
  0x87, 0x0d, 0xb3, 0x06, 0xa1, 0x01, 0x1e, 0xfe, 0x83, 0xf9, 0xec, 0xf3,
  0x61, 0xef, 0x93, 0xed, 0x9d, 0xec, 0x60, 0xeb, 0xae, 0xea, 0x53, 0xec,
  0xbe, 0xee, 0xbd, 0xef, 0x5e, 0xf0, 0xc6, 0xf2, 0xdf, 0xf6, 0xdd, 0xf9,
  0xcf, 0xfa, 0xb1, 0xfb, 0x37, 0xfe, 0x4a, 0x01, 0xc5, 0x03, 0x6d, 0x05,
  0xef, 0x06, 0x1f, 0x09, 0x09, 0x0c, 0x61, 0x0e, 0x0b, 0x0f, 0xc4, 0x0e,
  0x04, 0x0f, 0x2e, 0x0f, 0xae, 0x0d, 0xad, 0x0a, 0xf7, 0x07, 0xb2, 0x05,
  0x6b, 0x02, 0xcc, 0xfd, 0x6e, 0xf9, 0xee, 0xf6, 0x88, 0xf5, 0xc7, 0xf3,
  0xa6, 0xf1, 0xcd, 0xf0, 0x53, 0xf2, 0x0e, 0xf5, 0xfa, 0xf6, 0x45, 0xf8,
  0x34, 0xfa, 0x4a, 0xfd, 0x46, 0x00, 0x16, 0x02, 0xe1, 0x02, 0x47, 0x04,
  0x86, 0x05, 0x0c, 0x06, 0x70, 0x05, 0x3d, 0x05, 0xd5, 0x05, 0x16, 0x06,
  0xc7, 0x04, 0xdc, 0x03, 0xef, 0x03, 0x13, 0x04, 0x63, 0x03, 0x70, 0x02,
  0x65, 0x01, 0x9e, 0x00, 0xf9, 0xff, 0x45, 0xff, 0xf8, 0xfd, 0x7c, 0xfc,
  0x8a, 0xfb, 0x2e, 0xfb, 0x97, 0xfa, 0xc7, 0xf9, 0x5d, 0xf9, 0xdb, 0xf9,
  0x60, 0xfa, 0x9a, 0xfa, 0x2f, 0xfb, 0xb6, 0xfc, 0x9b, 0xfe, 0x22, 0x00,
  0x30, 0x01, 0x74, 0x02, 0x40, 0x04, 0xf8, 0x05, 0x7a, 0x06, 0x2e, 0x06,
  0xfe, 0x05, 0x5e, 0x06, 0x50, 0x06, 0x19, 0x05, 0x90, 0x03, 0xe6, 0x02,
  0xd2, 0x02, 0x22, 0x02, 0xa0, 0x00, 0x8a, 0xff, 0x77, 0xff, 0xa7, 0xff,
  0x00, 0xff, 0xd3, 0xfd, 0xec, 0xfc, 0x15, 0xfd, 0x2d, 0xfd, 0x97, 0xfc,
  0x59, 0xfb, 0x2a, 0xfb, 0xed, 0xfb, 0x3e, 0xfc, 0xd8, 0xfb, 0xed, 0xfb,
  0x2e, 0xfd, 0x8b, 0xfe, 0x0d, 0xff, 0x2c, 0xff, 0x43, 0x00, 0xd1, 0x01,
  0x03, 0x03, 0xe3, 0x02, 0x88, 0x02, 0x2a, 0x03, 0x7b, 0x04, 0xdf, 0x03,
  0xdf, 0x01, 0xd1, 0x00, 0x78, 0x01, 0xed, 0x00, 0x18, 0xfe, 0x91, 0xfc,
  0x83, 0xfe, 0xc5, 0x00, 0xa4, 0x00, 0x86, 0x01, 0x2a, 0x07, 0xef, 0x0d,
  0xe9, 0x0f, 0x2e, 0x0d, 0x0d, 0x0d, 0x00, 0x11, 0xc4, 0x11, 0x80, 0x0b,
  0xf9, 0x03, 0xf6, 0x00, 0x68, 0xfe, 0xbb, 0xf8, 0x77, 0xf2, 0x81, 0xef,
  0x57, 0xee, 0x92, 0xec, 0x0b, 0xeb, 0x3a, 0xeb, 0x90, 0xec, 0x5c, 0xef,
  0xdf, 0xf1, 0x26, 0xf2, 0xf6, 0xf0, 0x71, 0xf2, 0x5d, 0xf6, 0x43, 0xf8,
  0xb0, 0xf6, 0x92, 0xf5, 0x3a, 0xf8, 0xc2, 0xfc, 0x15, 0x00, 0x2f, 0x02,
  0x07, 0x05, 0x8e, 0x09, 0x65, 0x0e, 0xe9, 0x12, 0x5b, 0x16, 0xae, 0x18,
  0xed, 0x19, 0x03, 0x1a, 0xf0, 0x18, 0xe3, 0x16, 0xaa, 0x14, 0xad, 0x11,
  0x36, 0x0d, 0xe7, 0x07, 0x78, 0x03, 0xc5, 0x00, 0x76, 0xfe, 0x4d, 0xfb,
  0x30, 0xf8, 0x6f, 0xf6, 0x2c, 0xf6, 0x07, 0xf6, 0x7c, 0xf5, 0xec, 0xf4,
  0x74, 0xf4, 0x7f, 0xf3, 0xb2, 0xf2, 0xe2, 0xf2, 0xc0, 0xf3, 0x40, 0xf4,
  0x06, 0xf4, 0x69, 0xf4, 0xff, 0xf5, 0x5b, 0xf8, 0x1d, 0xfb, 0x0e, 0xfe,
  0x46, 0x00, 0x88, 0x02, 0xed, 0x05, 0x57, 0x09, 0x30, 0x0b, 0xd2, 0x0b,
  0xf0, 0x0b, 0xa7, 0x0b, 0xdf, 0x0a, 0x13, 0x0a, 0x0c, 0x09, 0xa8, 0x06,
  0x79, 0x03, 0xd4, 0x01, 0xcf, 0x01, 0xfc, 0x00, 0xf0, 0xfe, 0xcb, 0xfd,
  0xc2, 0xfd, 0x72, 0xfd, 0xa4, 0xfd, 0xdf, 0xfd, 0xe6, 0xfc, 0x1a, 0xfc,
  0xe2, 0xfb, 0xb8, 0xfb, 0x7a, 0xfb, 0x8c, 0xfa, 0x81, 0xfa, 0x56, 0xfb,
  0x46, 0xfb, 0x09, 0xfb, 0x4c, 0xfc, 0x29, 0xfe, 0x1c, 0xff, 0x9d, 0xff,
  0xd5, 0xff, 0x56, 0x01, 0xf7, 0x02, 0xc6, 0x02, 0x24, 0x02, 0x9b, 0x01,
  0xfc, 0x01, 0x13, 0x02, 0x99, 0x01, 0xc7, 0x00, 0x18, 0x00, 0x3e, 0x00,
  0x55, 0x00, 0x87, 0x00, 0x5b, 0x00, 0x71, 0x00, 0xf4, 0x00, 0x5e, 0x01,
  0x94, 0x01, 0x3d, 0x01, 0x6c, 0x01, 0x0c, 0x02, 0xce, 0x01, 0xc3, 0x00,
  0xff, 0xff, 0x21, 0x00, 0x4d, 0x00, 0xf3, 0xff, 0x20, 0xff, 0xcf, 0xfe,
  0x6a, 0xff, 0x3e, 0x00, 0x96, 0x00, 0x4d, 0x00, 0x7c, 0x00, 0x71, 0x01,
  0xd7, 0x01, 0x6f, 0x01, 0xd8, 0x00, 0x92, 0x00, 0x94, 0x00, 0x4c, 0x00,
  0x6f, 0xff, 0xce, 0xfe, 0xeb, 0xfe, 0x17, 0xff, 0x24, 0xff, 0x22, 0xff,
  0xcc, 0xfe, 0x6b, 0xff, 0x37, 0x00, 0x4d, 0x00, 0xbc, 0xff, 0x73, 0xff,
  0xb9, 0xff, 0x04, 0x00, 0x91, 0xff, 0x90, 0xfe, 0x2b, 0xfe, 0x44, 0xfe,
  0x74, 0xfe, 0xae, 0xfe, 0x61, 0xfe, 0xbe, 0xfe, 0x3f, 0xff, 0x63, 0xff,
  0x95, 0xff, 0xec, 0xff, 0x6a, 0x00, 0x8a, 0x00, 0x4e, 0x00, 0xaa, 0xff,
  0x53, 0xff, 0x30, 0xff, 0x9f, 0xff, 0x2f, 0xff, 0x88, 0xfe, 0x0b, 0xff,
  0x51, 0x01, 0xc3, 0x03, 0x77, 0x05, 0x34, 0x07, 0x0d, 0x0a, 0x88, 0x0b,
  0xb3, 0x0a, 0xd9, 0x09, 0x08, 0x0a, 0x93, 0x09, 0xa5, 0x06, 0xe8, 0x02,
  0x56, 0x00, 0x67, 0xff, 0xe1, 0xfd, 0xd0, 0xfb, 0x95, 0xfa, 0x88, 0xf9,
  0x57, 0xf8, 0x9f, 0xf7, 0xdc, 0xf7, 0xeb, 0xf7, 0x98, 0xf6, 0xf7, 0xf4,
  0x02, 0xf4, 0x79, 0xf3, 0xa5, 0xf2, 0x4f, 0xf2, 0xae, 0xf2, 0xff, 0xf2,
  0x43, 0xf3, 0x9f, 0xf4, 0xf9, 0xf7, 0x1a, 0xfc, 0x0c, 0xff, 0x23, 0x01,
  0xa0, 0x03, 0xa9, 0x06, 0x38, 0x09, 0xee, 0x0a, 0x35, 0x0c, 0xb7, 0x0c,
  0x67, 0x0c, 0xc7, 0x0b, 0xca, 0x0b, 0x0c, 0x0c, 0x6d, 0x0b, 0x31, 0x0a,
  0x2a, 0x09, 0xc6, 0x08, 0x7c, 0x08, 0xf6, 0x07, 0x5c, 0x07, 0x31, 0x06,
  0x66, 0x04, 0x72, 0x02, 0x35, 0x01, 0x04, 0x00, 0x3b, 0xfe, 0x05, 0xfc,
  0x0b, 0xfa, 0xe7, 0xf8, 0x32, 0xf8, 0xf6, 0xf7, 0x32, 0xf8, 0x4d, 0xf8,
  0x56, 0xf8, 0xce, 0xf8, 0xfc, 0xf9, 0x2f, 0xfb, 0x14, 0xfc, 0xab, 0xfc,
  0x16, 0xfd, 0x95, 0xfd, 0x0f, 0xfe, 0xbe, 0xfe, 0x5e, 0xff, 0xbd, 0xff,
  0x0c, 0x00, 0x87, 0x00, 0x4d, 0x01, 0x3c, 0x02, 0x13, 0x03, 0x15, 0x03,
  0x1b, 0x03, 0x58, 0x03, 0x3f, 0x03, 0xf6, 0x02, 0x0c, 0x02, 0x48, 0x01,
  0xf4, 0x00, 0x53, 0x00, 0xf4, 0xff, 0xac, 0xff, 0x3f, 0xff, 0xc9, 0xfe,
  0xd7, 0xfe, 0xf2, 0xfe, 0xc0, 0xfe, 0x9e, 0xfe, 0xc7, 0xfe, 0xea, 0xfe,
  0xd1, 0xfe, 0xe5, 0xfe, 0x28, 0xff, 0x5d, 0xff, 0x64, 0xff, 0x44, 0xff,
  0x7b, 0xff, 0x2e, 0x00, 0xaf, 0x00, 0xba, 0x00, 0xbc, 0x00, 0x03, 0x01,
  0x64, 0x01, 0xb5, 0x01, 0xca, 0x01, 0x9c, 0x01, 0x84, 0x01, 0x50, 0x01,
  0x1e, 0x01, 0xe6, 0x00, 0xb7, 0x00, 0x71, 0x00, 0x31, 0x00, 0x1c, 0x00,
  0x08, 0x00, 0x21, 0x00, 0x23, 0x00, 0x09, 0x00, 0xf8, 0xff, 0xb5, 0xff,
  0x8d, 0xff, 0x9d, 0xff, 0x37, 0xff, 0xdd, 0xfe, 0xe3, 0xfe, 0xef, 0xfe,
  0xef, 0xfe, 0xfa, 0xfe, 0x20, 0xff, 0x6a, 0xff, 0x8d, 0xff, 0x71, 0xff,
  0x95, 0xff, 0xf9, 0xff, 0x59, 0x00, 0x2f, 0x00, 0xc9, 0xff, 0xef, 0xff,
  0x1a, 0x00, 0x58, 0x00, 0x70, 0x00, 0x78, 0x00, 0x92, 0x00, 0xd3, 0x00,
  0xed, 0x00, 0xd0, 0x00, 0xa9, 0x00, 0xe6, 0x00, 0xca, 0x00, 0x8a, 0x00,
  0x13, 0x00, 0xc6, 0xff, 0x82, 0xff, 0xa8, 0xff, 0xa1, 0xff, 0x00, 0xff,
  0x25, 0xff, 0x91, 0xff, 0xba, 0xff, 0xe2, 0xff, 0xf4, 0xff, 0x56, 0x00,
  0x24, 0x00, 0xfe, 0xff, 0x1b, 0x00, 0x12, 0x00, 0x19, 0x00, 0x73, 0xff,
  0x4f, 0xff, 0xa3, 0xff, 0xa0, 0xff, 0x7a, 0xff, 0xc1, 0xff, 0x2f, 0x00,
  0x79, 0x00, 0x81, 0x00, 0x64, 0x00, 0x97, 0x00, 0xb5, 0x00, 0x73, 0x00,
  0x51, 0x00, 0x55, 0x00, 0x7d, 0x00, 0x30, 0x00, 0xd1, 0xff, 0xcf, 0xff,
  0xf0, 0xff, 0xae, 0xff, 0x9f, 0xff, 0x17, 0x00, 0x13, 0x00, 0xba, 0xff,
  0xc0, 0xff, 0x28, 0x00, 0x6b, 0x00, 0x3c, 0x00, 0x07, 0x00, 0x40, 0x00,
  0x93, 0x00, 0x43, 0x00, 0x04, 0x00, 0xfc, 0xff, 0x40, 0x00, 0x45, 0x00,
  0x26, 0x00, 0x0d, 0x00, 0x39, 0x00, 0x7b, 0x00, 0x69, 0x00, 0x3d, 0x00,
  0xfe, 0xff, 0x35, 0x00, 0x1f, 0x00, 0x98, 0xff, 0x3b, 0xff, 0x2a, 0xff,
  0x72, 0xff, 0x30, 0xff, 0xa2, 0xfe, 0x71, 0xfe, 0xa8, 0xfe, 0xb0, 0xfe,
  0x5a, 0xfe, 0x46, 0xfe, 0x9a, 0xfe, 0xc2, 0xfe, 0x63, 0xfe, 0x7e, 0xfe,
  0xe9, 0xfe, 0xfa, 0xfe, 0xe8, 0xfe, 0x12, 0xff, 0x45, 0xff, 0xbc, 0xff,
  0x21, 0x00, 0x7b, 0x00, 0xf8, 0x00, 0x51, 0x01, 0x59, 0x01, 0xb5, 0x01,
  0xa5, 0x01, 0x5a, 0x01, 0x43, 0x01, 0x55, 0x01, 0xa8, 0x01, 0x20, 0x02,
  0xed, 0x01, 0xb5, 0x01, 0x40, 0x02, 0xb2, 0x02, 0xec, 0x01, 0xa6, 0x01,
  0x5c, 0x01, 0x34, 0x01, 0xfd, 0x00, 0xa9, 0x00, 0x24, 0x00, 0x93, 0xff,
  0x58, 0xff, 0x33, 0x00, 0x26, 0x00, 0xa7, 0xff, 0xd4, 0xff, 0x00, 0x00,
  0x47, 0xff, 0x9b, 0xfe, 0x2a, 0xfe, 0xd2, 0xfd, 0xba, 0xfd, 0x8c, 0xfe,
  0xd0, 0xfe, 0x54, 0xfe, 0x5c, 0xfe, 0xa3, 0xfe, 0x83, 0xfe, 0x32, 0xff,
  0x2a, 0xff, 0x37, 0xff, 0x3e, 0xff, 0x66, 0xff, 0x90, 0xff, 0x3d, 0xff,
  0x50, 0xff, 0xac, 0xff, 0xc5, 0xff, 0x18, 0x00, 0x28, 0x00, 0xea, 0x00,
  0x7b, 0x01, 0x41, 0x01, 0xb4, 0x00, 0xd0, 0x00, 0xe5, 0x00, 0xde, 0x00,
  0x97, 0x00, 0xfb, 0x00, 0x42, 0x01, 0xce, 0x00, 0xd0, 0x00, 0x21, 0x01,
  0xb5, 0x00, 0x2a, 0x01, 0xe9, 0x00, 0xeb, 0xff, 0x1b, 0x00, 0xa9, 0x00,
  0xea, 0x00, 0x63, 0x00, 0x86, 0x00, 0x06, 0x00, 0x8c, 0xff, 0x66, 0xff,
  0xa8, 0xff, 0xb5, 0xff, 0x97, 0xff, 0x68, 0xff, 0xda, 0xff, 0x95, 0xff,
  0x4d, 0xff, 0xf5, 0xfe, 0x41, 0x00, 0xaa, 0xff, 0x2c, 0xfe, 0x31, 0xff,
  0x15, 0x00, 0xf8, 0xff, 0x06, 0xff, 0x33, 0xff, 0x9e, 0xff, 0xce, 0xff,
  0xf4, 0xff, 0xd0, 0x00, 0x2a, 0x00, 0xf5, 0xff, 0xe1, 0xff, 0x26, 0x00,
  0xf9, 0xff, 0xa1, 0xff, 0xbc, 0xff, 0x16, 0x00, 0xcf, 0xff, 0x9b, 0xff,
  0xac, 0x00, 0x70, 0x00, 0x02, 0x00, 0xf0, 0xff, 0xfb, 0xff, 0x48, 0x00,
  0x35, 0x00, 0x4b, 0x00, 0x83, 0x00, 0x6c, 0x00, 0x28, 0x00, 0xe1, 0xff,
  0x11, 0x00, 0x64, 0x00, 0x68, 0x00, 0x49, 0x00, 0xf5, 0xff, 0x79, 0x00,
  0xa4, 0x00, 0x15, 0x00, 0x7f, 0xff, 0x15, 0x00, 0x25, 0x00, 0xca, 0xff,
  0x98, 0xff, 0xf2, 0xff, 0x4d, 0x00, 0xb7, 0xff, 0x08, 0xff, 0x0e, 0x00,
  0x41, 0x00, 0xac, 0xff, 0x16, 0xff, 0xfc, 0xff, 0x1b, 0x00, 0x9c, 0xff,
  0x9b, 0xff, 0xf9, 0xff, 0x0e, 0x00, 0xd3, 0xff, 0x03, 0x00, 0xc5, 0x00,
  0x39, 0x00, 0xa1, 0xff, 0xe7, 0xff, 0x63, 0x00, 0xa0, 0xff, 0x11, 0xff,
  0x90, 0x00, 0xf2, 0x00, 0xee, 0x00, 0x71, 0xff, 0xde, 0xff, 0xad, 0x00,
  0xe8, 0x00, 0xcb, 0xff, 0x56, 0xff, 0xee, 0xff, 0x3c, 0x00, 0x02, 0x00,
  0x3d, 0x00, 0x7a, 0x00, 0x24, 0x00, 0x82, 0xff, 0xa6, 0xff, 0xce, 0xff,
  0xc8, 0xff, 0xe0, 0xff, 0x37, 0x00, 0x7a, 0xff, 0x3d, 0xff, 0xd5, 0xff,
  0x6f, 0x00, 0x50, 0x00, 0x09, 0xff, 0x97, 0xff, 0xd9, 0xff, 0xe6, 0xff,
  0xd6, 0xff, 0x61, 0x00, 0xe4, 0x00, 0x0a, 0x00, 0xd8, 0xff, 0xf9, 0xff,
  0x47, 0x00, 0x55, 0x00, 0x0b, 0x00, 0x40, 0x00, 0x34, 0x00, 0x1a, 0x00,
  0x4a, 0x00, 0x61, 0x00, 0xb2, 0x00, 0x22, 0x00, 0x5f, 0xff, 0xae, 0xff,
  0x29, 0x00, 0xda, 0xff, 0xd3, 0xff, 0xec, 0xff, 0x15, 0x00, 0x0e, 0x00,
  0xe6, 0xff, 0xf6, 0xff, 0x29, 0x00, 0x08, 0x00, 0x9e, 0xff, 0xdf, 0xff,
  0xef, 0xff, 0xdf, 0xff, 0xde, 0xff, 0x00, 0x00, 0x0a, 0x00, 0xde, 0xff,
  0xdd, 0xff, 0x0c, 0x00, 0xea, 0xff, 0xcd, 0xff, 0xf0, 0xff, 0x18, 0x00,
  0x39, 0x00, 0x25, 0x00, 0x1c, 0x00, 0xab, 0xff, 0xc3, 0xff, 0x30, 0xff,
  0x72, 0xff, 0x78, 0xff, 0xbf, 0xff, 0x1c, 0x00, 0xef, 0xff, 0x3b, 0x00,
  0x46, 0x00, 0x38, 0x00, 0xe9, 0xff, 0xd5, 0xff, 0xff, 0xff, 0xc9, 0xff,
  0xa3, 0xff, 0xee, 0xff, 0x42, 0x00, 0x01, 0x00, 0x18, 0x00, 0x67, 0x00,
  0x67, 0x00, 0x72, 0x00, 0x6f, 0x00, 0x67, 0x00, 0x3e, 0x00, 0x23, 0x00,
  0x51, 0x00, 0x2c, 0x00, 0x26, 0x00, 0x32, 0x00, 0x36, 0x00, 0x34, 0x00,
  0x3f, 0x00, 0x40, 0x00, 0x21, 0x00, 0x0b, 0x00, 0xfb, 0xff, 0xff, 0xff,
  0xe9, 0xff, 0xd8, 0xff, 0xf6, 0xff, 0xd9, 0xff, 0xc1, 0xff, 0xd8, 0xff,
  0x08, 0x00, 0xf5, 0xff, 0xf7, 0xff, 0xf3, 0xff, 0xe8, 0xff, 0xe9, 0xff,
  0xf1, 0xff, 0xdf, 0xff, 0xd7, 0xff, 0xe2, 0xff, 0xd0, 0xff, 0xcd, 0xff,
  0xff, 0xff, 0xff, 0xff, 0xea, 0xff, 0xf2, 0xff, 0x22, 0x00, 0x0c, 0x00,
  0xde, 0xff, 0xf0, 0xff, 0xfe, 0xff, 0xe4, 0xff, 0xd0, 0xff, 0xe8, 0xff,
  0x08, 0x00, 0x14, 0x00, 0x15, 0x00, 0x1e, 0x00, 0x1b, 0x00, 0xfd, 0xff,
  0xf8, 0xff, 0xe4, 0xff, 0xed, 0xff, 0xf3, 0xff, 0xf1, 0xff, 0xff, 0xff,
  0x0a, 0x00, 0x19, 0x00, 0x0b, 0x00, 0x00, 0x00, 0x07, 0x00, 0xfd, 0xff,
  0xf4, 0xff, 0xf1, 0xff, 0xef, 0xff, 0xf8, 0xff, 0xf3, 0xff, 0x03, 0x00,
  0x06, 0x00, 0x13, 0x00, 0x12, 0x00, 0x1c, 0x00, 0x0d, 0x00, 0xee, 0xff,
  0xe0, 0xff, 0xee, 0xff, 0xfb, 0xff, 0xfe, 0xff, 0x05, 0x00, 0x0f, 0x00,
  0x17, 0x00, 0x0b, 0x00, 0x0e, 0x00, 0x0f, 0x00, 0x10, 0x00, 0x12, 0x00,
  0x24, 0x00, 0x2a, 0x00, 0x1e, 0x00, 0x2e, 0x00, 0x2a, 0x00, 0x2f, 0x00,
  0x26, 0x00, 0x21, 0x00, 0x10, 0x00, 0x12, 0x00, 0x0d, 0x00, 0x0e, 0x00,
  0x08, 0x00, 0x01, 0x00, 0x12, 0x00, 0x24, 0x00, 0x10, 0x00, 0x00, 0x00,
  0x02, 0x00, 0xfb, 0xff, 0xe5, 0xff, 0xc9, 0xff, 0xcb, 0xff, 0xd3, 0xff,
  0xd3, 0xff, 0xd9, 0xff, 0xd4, 0xff, 0xd7, 0xff, 0xd8, 0xff, 0xdf, 0xff,
  0xcd, 0xff, 0xd4, 0xff, 0xcc, 0xff, 0xd1, 0xff, 0xd6, 0xff, 0xdd, 0xff,
  0xde, 0xff, 0xe4, 0xff, 0xf2, 0xff, 0xf6, 0xff, 0x01, 0x00, 0xfb, 0xff,
  0x01, 0x00, 0x11, 0x00, 0x11, 0x00, 0x02, 0x00, 0x05, 0x00, 0x21, 0x00,
  0x1d, 0x00, 0x23, 0x00, 0x25, 0x00, 0x2f, 0x00, 0x30, 0x00, 0x35, 0x00,
  0x3a, 0x00, 0x3a, 0x00, 0x36, 0x00, 0x2c, 0x00, 0x29, 0x00, 0x2d, 0x00,
  0x2a, 0x00, 0x2a, 0x00, 0x1f, 0x00, 0x21, 0x00, 0x15, 0x00, 0x0e, 0x00,
  0x04, 0x00, 0xf7, 0xff, 0xf9, 0xff, 0xf2, 0xff, 0xe9, 0xff, 0xdd, 0xff,
  0xca, 0xff, 0xd9, 0xff, 0xca, 0xff, 0xc9, 0xff, 0xbf, 0xff, 0xe1, 0xff,
  0xd9, 0xff, 0xc3, 0xff, 0xdd, 0xff, 0x00, 0x00, 0xc6, 0xff, 0x8b, 0xff,
  0xdf, 0xff, 0xbd, 0xff, 0xcf, 0xff, 0xe7, 0xff, 0xe9, 0xff, 0xe5, 0xff,
  0xfa, 0xff, 0x00, 0x00, 0xf9, 0xff, 0xfd, 0xff, 0x21, 0x00, 0x2e, 0x00,
  0x10, 0x00, 0x15, 0x00, 0x19, 0x00, 0x1e, 0x00, 0x2c, 0x00, 0x1d, 0x00,
  0x27, 0x00, 0x3c, 0x00, 0x48, 0x00, 0x3c, 0x00, 0x30, 0x00, 0x2c, 0x00,
  0x28, 0x00, 0x19, 0x00, 0x08, 0x00, 0x14, 0x00, 0x14, 0x00, 0x16, 0x00,
  0x15, 0x00, 0x1f, 0x00, 0x09, 0x00, 0xfa, 0xff, 0xf1, 0xff, 0xf0, 0xff,
  0xe5, 0xff, 0xdd, 0xff, 0xe0, 0xff, 0xe5, 0xff, 0xec, 0xff, 0xf2, 0xff,
  0xf0, 0xff, 0xe7, 0xff, 0xe9, 0xff, 0xf5, 0xff, 0xe8, 0xff, 0xe8, 0xff,
  0xf5, 0xff, 0xf3, 0xff, 0xe6, 0xff, 0xf9, 0xff, 0xfc, 0xff, 0xf9, 0xff,
  0xf4, 0xff, 0xf8, 0xff, 0xf7, 0xff, 0x05, 0x00, 0x0c, 0x00, 0x04, 0x00,
  0x0e, 0x00, 0x0f, 0x00, 0x00, 0x00, 0xf9, 0xff, 0x00, 0x00, 0x02, 0x00,
  0x02, 0x00, 0x0b, 0x00, 0x0c, 0x00, 0x0b, 0x00, 0x06, 0x00, 0x0b, 0x00,
  0x05, 0x00, 0xfd, 0xff, 0xfd, 0xff, 0x03, 0x00, 0x01, 0x00, 0x00, 0x00,
  0xf9, 0xff, 0xfb, 0xff, 0xfd, 0xff, 0x00, 0x00, 0xf6, 0xff, 0x00, 0x00,
  0xf3, 0xff, 0xfd, 0xff, 0x00, 0x00, 0xfe, 0xff, 0xfa, 0xff, 0x01, 0x00,
  0xfe, 0xff, 0xff, 0xff, 0x00, 0x00, 0x00, 0x00, 0xfb, 0xff, 0x0a, 0x00,
  0x0b, 0x00, 0x09, 0x00, 0x06, 0x00, 0x11, 0x00, 0x11, 0x00, 0x11, 0x00,
  0x12, 0x00, 0x18, 0x00, 0x0f, 0x00, 0x10, 0x00, 0x14, 0x00, 0x13, 0x00,
  0x0e, 0x00, 0x08, 0x00, 0x07, 0x00, 0x0c, 0x00, 0x03, 0x00, 0x02, 0x00,
  0x02, 0x00, 0x03, 0x00, 0xfd, 0xff, 0xf8, 0xff, 0xf0, 0xff, 0xf5, 0xff,
  0xf0, 0xff, 0xee, 0xff, 0xf4, 0xff, 0xf5, 0xff, 0xea, 0xff, 0xf1, 0xff,
  0xf0, 0xff, 0xf5, 0xff, 0xfa, 0xff, 0xfa, 0xff, 0xf8, 0xff, 0xfc, 0xff,
  0xfd, 0xff, 0x06, 0x00, 0x01, 0x00, 0xfc, 0xff, 0x08, 0x00, 0x05, 0x00,
  0xff, 0xff, 0x07, 0x00, 0x05, 0x00, 0x07, 0x00, 0x06, 0x00, 0x08, 0x00,
  0x00, 0x00, 0x05, 0x00, 0x02, 0x00, 0x02, 0x00, 0x00, 0x00, 0xfd, 0xff,
  0xff, 0xff, 0x00, 0x00, 0xf9, 0xff, 0xff, 0xff, 0xfb, 0xff, 0xf8, 0xff,
  0xf9, 0xff, 0x02, 0x00, 0xf6, 0xff, 0xf7, 0xff, 0xff, 0xff, 0xfa, 0xff,
  0xfe, 0xff, 0xf8, 0xff, 0xf3, 0xff, 0xfd, 0xff, 0x00, 0x00, 0xff, 0xff,
  0xf6, 0xff, 0x00, 0x00, 0xfc, 0xff, 0x06, 0x00, 0x05, 0x00, 0x04, 0x00,
  0x02, 0x00, 0x09, 0x00, 0x00, 0x00, 0x06, 0x00, 0x04, 0x00, 0x06, 0x00,
  0x00, 0x00, 0x00, 0x00, 0x04, 0x00, 0x05, 0x00, 0x04, 0x00, 0x0c, 0x00,
  0x0b, 0x00, 0x08, 0x00, 0x01, 0x00, 0x09, 0x00, 0x04, 0x00, 0x06, 0x00,
  0x03, 0x00, 0x08, 0x00, 0x07, 0x00, 0x04, 0x00, 0xff, 0xff, 0xfc, 0xff,
  0x00, 0x00, 0xfe, 0xff, 0xfa, 0xff, 0xfc, 0xff, 0xf9, 0xff, 0xfe, 0xff,
  0xf0, 0xff, 0xf8, 0xff, 0xf7, 0xff, 0xf8, 0xff, 0xf4, 0xff, 0xff, 0xff,
  0xf9, 0xff, 0xfc, 0xff, 0xf1, 0xff, 0xf6, 0xff, 0xff, 0xff, 0x02, 0x00,
  0xf7, 0xff, 0x02, 0x00, 0xff, 0xff, 0xfb, 0xff, 0xfd, 0xff, 0x00, 0x00,
  0x09, 0x00, 0x08, 0x00, 0x06, 0x00, 0x04, 0x00, 0x08, 0x00, 0x06, 0x00,
  0x03, 0x00, 0x04, 0x00, 0x05, 0x00, 0x0e, 0x00, 0x07, 0x00, 0x0e, 0x00,
  0x06, 0x00, 0x05, 0x00, 0xff, 0xff, 0x02, 0x00, 0xfd, 0xff, 0x01, 0x00,
  0xf9, 0xff, 0x00, 0x00, 0x06, 0x00, 0x00, 0x00, 0xfb, 0xff, 0x04, 0x00,
  0xf7, 0xff, 0xf7, 0xff, 0xf6, 0xff, 0xf6, 0xff, 0xf4, 0xff, 0xf6, 0xff,
  0xf9, 0xff, 0xfe, 0xff, 0xf3, 0xff, 0xf4, 0xff, 0xf3, 0xff, 0xf9, 0xff,
  0xf9, 0xff, 0xfc, 0xff, 0xf8, 0xff, 0x08, 0x00, 0x08, 0x00, 0x00, 0x00,
  0x03, 0x00, 0x09, 0x00, 0x01, 0x00, 0x07, 0x00, 0x09, 0x00, 0x02, 0x00,
  0x05, 0x00, 0x0a, 0x00, 0x02, 0x00, 0x0f, 0x00, 0x05, 0x00, 0x00, 0x00,
  0x08, 0x00, 0x06, 0x00, 0x00, 0x00, 0x08, 0x00, 0x00, 0x00, 0x01, 0x00,
  0xff, 0xff, 0x00, 0x00, 0x03, 0x00, 0x04, 0x00, 0xff, 0xff, 0x07, 0x00,
  0x02, 0x00, 0xf8, 0xff, 0xfb, 0xff, 0xfc, 0xff, 0xfa, 0xff, 0x06, 0x00,
  0x00, 0x00, 0x07, 0x00, 0xff, 0xff, 0xfa, 0xff, 0xf5, 0xff, 0xf7, 0xff,
  0xf7, 0xff, 0xfc, 0xff, 0x00, 0x00, 0x07, 0x00, 0x02, 0x00, 0x06, 0x00,
  0x02, 0x00, 0x02, 0x00, 0x00, 0x00, 0xfe, 0xff, 0xfb, 0xff, 0x05, 0x00,
  0xf9, 0xff, 0xff, 0xff, 0xf7, 0xff, 0xff, 0xff, 0xf9, 0xff, 0xfb, 0xff,
  0xf6, 0xff, 0x00, 0x00, 0xf3, 0xff, 0xfd, 0xff, 0xf3, 0xff, 0xfe, 0xff,
  0x02, 0x00, 0x06, 0x00, 0xff, 0xff, 0x08, 0x00, 0x04, 0x00, 0x0d, 0x00,
  0x08, 0x00, 0x0d, 0x00, 0x07, 0x00, 0x0a, 0x00, 0x0c, 0x00, 0x17, 0x00,
  0x08, 0x00, 0x10, 0x00, 0x10, 0x00, 0x0e, 0x00, 0x05, 0x00, 0x03, 0x00,
  0x09, 0x00, 0x07, 0x00, 0x00, 0x00, 0x06, 0x00, 0x00, 0x00, 0xfb, 0xff,
  0xf1, 0xff, 0xf9, 0xff, 0xeb, 0xff, 0xf0, 0xff, 0xe4, 0xff, 0xec, 0xff,
  0xef, 0xff, 0xf3, 0xff, 0xf1, 0xff, 0xfc, 0xff, 0xf6, 0xff, 0xf2, 0xff,
  0xee, 0xff, 0xf2, 0xff, 0xf8, 0xff, 0x09, 0x00, 0x04, 0x00, 0x11, 0x00,
  0x0b, 0x00, 0x0d, 0x00, 0x06, 0x00, 0x0a, 0x00, 0x06, 0x00, 0x10, 0x00,
  0x0b, 0x00, 0x09, 0x00, 0x0a, 0x00, 0x13, 0x00, 0x08, 0x00, 0x01, 0x00,
  0x05, 0x00, 0x08, 0x00, 0xff, 0xff, 0xf7, 0xff, 0xee, 0xff, 0xf0, 0xff,
  0xf7, 0xff, 0xfb, 0xff, 0xf5, 0xff, 0xfd, 0xff, 0x04, 0x00, 0xfd, 0xff,
  0xfe, 0xff, 0x08, 0x00, 0xf7, 0xff, 0xf9, 0xff, 0xff, 0xff, 0x03, 0x00,
  0x00, 0x00, 0x0e, 0x00, 0x0b, 0x00, 0x0a, 0x00, 0x03, 0x00, 0x01, 0x00,
  0xfb, 0xff, 0xf9, 0xff, 0xfd, 0xff, 0x05, 0x00, 0x01, 0x00, 0x14, 0x00,
  0x0f, 0x00, 0x0e, 0x00, 0x02, 0x00, 0x04, 0x00, 0xf5, 0xff, 0xf7, 0xff,
  0xf5, 0xff, 0xfc, 0xff, 0xfa, 0xff, 0x00, 0x00, 0xf7, 0xff, 0x09, 0x00,
  0x04, 0x00, 0x07, 0x00, 0x00, 0x00, 0x00, 0x00, 0xf4, 0xff, 0xfb, 0xff,
  0xec, 0xff, 0xf9, 0xff, 0x06, 0x00, 0xf8, 0xff, 0xf2, 0xff, 0xf7, 0xff,
  0xf3, 0xff, 0xf0, 0xff, 0xef, 0xff, 0xf6, 0xff, 0xfb, 0xff, 0x00, 0x00,
  0x05, 0x00, 0x06, 0x00, 0x00, 0x00, 0xfd, 0xff, 0x02, 0x00, 0x08, 0x00,
  0x00, 0x00, 0x06, 0x00, 0xfa, 0xff, 0xfc, 0xff, 0x0a, 0x00, 0x08, 0x00,
  0xfa, 0xff, 0x09, 0x00, 0x12, 0x00, 0x19, 0x00, 0x0d, 0x00, 0x08, 0x00,
  0x00, 0x00, 0x01, 0x00, 0x00, 0x00, 0x00, 0x00, 0x04, 0x00, 0x10, 0x00,
  0x03, 0x00, 0x01, 0x00, 0xff, 0xff, 0x14, 0x00, 0x15, 0x00, 0xfe, 0xff,
  0xe7, 0xff, 0xf7, 0xff, 0xf6, 0xff, 0xfe, 0xff, 0x00, 0x00, 0x00, 0x00,
  0x0c, 0x00, 0x10, 0x00, 0x08, 0x00, 0x11, 0x00, 0x08, 0x00, 0xff, 0xff,
  0xf5, 0xff, 0xff, 0xff, 0xef, 0xff, 0xed, 0xff, 0xf0, 0xff, 0x04, 0x00,
  0x08, 0x00, 0x0e, 0x00, 0xfe, 0xff, 0xfc, 0xff, 0xf1, 0xff, 0xf7, 0xff,
  0xec, 0xff, 0xe5, 0xff, 0xea, 0xff, 0xf0, 0xff, 0xf5, 0xff, 0x0c, 0x00,
  0x09, 0x00, 0x03, 0x00, 0xf9, 0xff, 0xfa, 0xff, 0xf7, 0xff, 0xfb, 0xff,
  0xf9, 0xff, 0x00, 0x00, 0x04, 0x00, 0x13, 0x00, 0x08, 0x00, 0x02, 0x00,
  0x08, 0x00, 0x0e, 0x00, 0x09, 0x00, 0xfe, 0xff, 0x04, 0x00, 0x07, 0x00,
  0x05, 0x00, 0x14, 0x00, 0x15, 0x00, 0x05, 0x00, 0x02, 0x00, 0x09, 0x00,
  0x07, 0x00, 0x0a, 0x00, 0xfd, 0xff, 0xff, 0xff, 0xf9, 0xff, 0xf8, 0xff,
  0xf9, 0xff, 0xf5, 0xff, 0xf5, 0xff, 0x02, 0x00, 0xfb, 0xff, 0x08, 0x00,
  0x04, 0x00, 0x00, 0x00, 0xfb, 0xff, 0x00, 0x00, 0x01, 0x00, 0x01, 0x00,
  0xf6, 0xff, 0xfd, 0xff, 0xfb, 0xff, 0xfd, 0xff, 0x00, 0x00, 0x02, 0x00,
  0x04, 0x00, 0x08, 0x00, 0x02, 0x00, 0x06, 0x00, 0xfc, 0xff, 0xf4, 0xff,
  0xf8, 0xff, 0xfc, 0xff, 0x00, 0x00, 0x04, 0x00, 0xf9, 0xff, 0xf7, 0xff,
  0xf6, 0xff, 0xfe, 0xff, 0xf9, 0xff, 0xf6, 0xff, 0xf5, 0xff, 0x02, 0x00,
  0x03, 0x00, 0x04, 0x00, 0x05, 0x00, 0x11, 0x00, 0x14, 0x00, 0x08, 0x00,
  0x00, 0x00, 0x0b, 0x00, 0x0d, 0x00, 0x0c, 0x00, 0xf6, 0xff, 0xf7, 0xff,
  0xfc, 0xff, 0x0a, 0x00, 0x00, 0x00, 0x00, 0x00, 0xfd, 0xff, 0x06, 0x00,
  0x00, 0x00, 0x02, 0x00, 0xf9, 0xff, 0xfc, 0xff, 0xff, 0xff, 0xfd, 0xff,
  0xff, 0xff, 0xfa, 0xff, 0xf9, 0xff, 0xfe, 0xff, 0xfd, 0xff, 0x06, 0x00,
  0xfc, 0xff, 0xf9, 0xff, 0xfa, 0xff, 0x05, 0x00, 0x00, 0x00, 0x05, 0x00,
  0x03, 0x00, 0x03, 0x00, 0xfc, 0xff, 0x02, 0x00, 0xf8, 0xff, 0xf8, 0xff,
  0xfe, 0xff, 0x06, 0x00, 0x00, 0x00, 0xfc, 0xff, 0xfd, 0xff, 0x07, 0x00,
  0x01, 0x00, 0xfe, 0xff, 0xfe, 0xff, 0x01, 0x00, 0x07, 0x00, 0x0e, 0x00,
  0xfd, 0xff, 0x00, 0x00, 0xfd, 0xff, 0x03, 0x00, 0xfe, 0xff, 0xfa, 0xff,
  0xff, 0xff, 0x0f, 0x00, 0xf9, 0xff, 0xff, 0xff, 0xfd, 0xff, 0xfd, 0xff,
  0xfd, 0xff, 0x00, 0x00, 0x00, 0x00, 0xff, 0xff, 0xfc, 0xff, 0xf2, 0xff,
  0xf5, 0xff, 0xf1, 0xff, 0xea, 0xff, 0x01, 0x00, 0x13, 0x00, 0x00, 0x00,
  0xf3, 0xff, 0xfa, 0xff, 0x03, 0x00, 0x0d, 0x00, 0x0b, 0x00, 0x10, 0x00,
  0x16, 0x00, 0x23, 0x00, 0x18, 0x00, 0x0e, 0x00, 0xff, 0xff, 0xfe, 0xff,
  0xfc, 0xff, 0x09, 0x00, 0x0b, 0x00, 0x03, 0x00, 0xfa, 0xff, 0xfd, 0xff,
  0xfd, 0xff, 0xf3, 0xff, 0xe4, 0xff, 0xf3, 0xff, 0xfc, 0xff, 0xf6, 0xff,
  0xed, 0xff, 0xf0, 0xff, 0xf8, 0xff, 0xf7, 0xff, 0xfa, 0xff, 0x16, 0x00,
  0x14, 0x00, 0x12, 0x00, 0x18, 0x00, 0x21, 0x00, 0x05, 0x00, 0x07, 0x00,
  0xf8, 0xff, 0xff, 0xff, 0xfe, 0xff, 0x01, 0x00, 0x01, 0x00, 0x13, 0x00,
  0x09, 0x00, 0x06, 0x00, 0xfd, 0xff, 0xfe, 0xff, 0xeb, 0xff, 0xe3, 0xff,
  0xe2, 0xff, 0xef, 0xff, 0xed, 0xff, 0xf6, 0xff, 0xff, 0xff, 0x0e, 0x00,
  0xfc, 0xff, 0xfb, 0xff, 0xff, 0xff, 0x00, 0x00, 0xed, 0xff, 0xfd, 0xff,
  0x0b, 0x00, 0x05, 0x00, 0x02, 0x00, 0x08, 0x00, 0x03, 0x00, 0x12, 0x00,
  0x12, 0x00, 0x13, 0x00, 0x0a, 0x00, 0x07, 0x00, 0x09, 0x00, 0xf9, 0xff,
  0xfa, 0xff, 0xfd, 0xff, 0xf3, 0xff, 0xfe, 0xff, 0xfc, 0xff, 0xfa, 0xff,
  0xf9, 0xff, 0xfa, 0xff, 0xf2, 0xff, 0xfa, 0xff, 0xea, 0xff, 0x00, 0x00,
  0x05, 0x00, 0xfa, 0xff, 0xfa, 0xff, 0x07, 0x00, 0x01, 0x00, 0xf9, 0xff,
  0x06, 0x00, 0x0e, 0x00, 0x05, 0x00, 0x0e, 0x00, 0x04, 0x00, 0xfb, 0xff,
  0xf5, 0xff, 0x0c, 0x00, 0x0c, 0x00, 0xf5, 0xff, 0xfb, 0xff, 0x15, 0x00,
  0x1e, 0x00, 0x08, 0x00, 0xf5, 0xff, 0x02, 0x00, 0xfe, 0xff, 0xfb, 0xff,
  0xf5, 0xff, 0x02, 0x00, 0x0b, 0x00, 0x00, 0x00, 0xf9, 0xff, 0x06, 0x00,
  0xfb, 0xff, 0xf9, 0xff, 0xf4, 0xff, 0x02, 0x00, 0xfe, 0xff, 0xee, 0xff,
  0xf8, 0xff, 0x05, 0x00, 0x01, 0x00, 0xf9, 0xff, 0x04, 0x00, 0x0e, 0x00,
  0x05, 0x00, 0x08, 0x00, 0x06, 0x00, 0x07, 0x00, 0xfd, 0xff, 0x00, 0x00,
  0xfa, 0xff, 0x07, 0x00, 0x00, 0x00, 0x00, 0x00, 0xf2, 0xff, 0xfe, 0xff,
  0x09, 0x00, 0x02, 0x00, 0xfa, 0xff, 0x12, 0x00, 0xfe, 0xff, 0xf4, 0xff,
  0xf4, 0xff, 0xf9, 0xff, 0xfc, 0xff, 0x04, 0x00, 0x03, 0x00, 0x07, 0x00,
  0xf8, 0xff, 0x04, 0x00, 0xfb, 0xff, 0xfd, 0xff, 0xfb, 0xff, 0x01, 0x00,
  0xf8, 0xff, 0xfe, 0xff, 0x08, 0x00, 0x0f, 0x00, 0x0c, 0x00, 0x05, 0x00,
  0xfc, 0xff, 0x00, 0x00, 0xfc, 0xff, 0x0b, 0x00, 0x01, 0x00, 0x00, 0x00,
  0xf7, 0xff, 0xfa, 0xff, 0xfc, 0xff, 0x05, 0x00, 0xfb, 0xff, 0xfa, 0xff,
  0xf4, 0xff, 0xff, 0xff, 0x04, 0x00, 0x04, 0x00, 0xf1, 0xff, 0xf2, 0xff,
  0xf8, 0xff, 0x05, 0x00, 0xf6, 0xff, 0xff, 0xff, 0x05, 0x00, 0x02, 0x00,
  0x03, 0x00, 0x0e, 0x00, 0x01, 0x00, 0xff, 0xff, 0xfd, 0xff, 0xfe, 0xff,
  0xff, 0xff, 0x0b, 0x00, 0x08, 0x00, 0x06, 0x00, 0x04, 0x00, 0x00, 0x00,
  0xf7, 0xff, 0xfb, 0xff, 0xf9, 0xff, 0x00, 0x00, 0x01, 0x00, 0x0f, 0x00,
  0x00, 0x00, 0x00, 0x00, 0xfe, 0xff, 0x04, 0x00, 0x05, 0x00, 0x09, 0x00,
  0xfe, 0xff, 0x02, 0x00, 0xff, 0xff, 0x03, 0x00, 0xff, 0xff, 0x09, 0x00,
  0xfd, 0xff, 0xfd, 0xff, 0xf7, 0xff, 0x09, 0x00, 0x0d, 0x00, 0x15, 0x00,
  0xf6, 0xff, 0x08, 0x00, 0x07, 0x00, 0xff, 0xff, 0xf7, 0xff, 0x04, 0x00,
  0xff, 0xff, 0x06, 0x00, 0x00, 0x00, 0x01, 0x00, 0x02, 0x00, 0xfc, 0xff,
  0xf8, 0xff, 0x01, 0x00, 0xfa, 0xff, 0x00, 0x00, 0xfb, 0xff, 0x02, 0x00,
  0xf8, 0xff, 0xfd, 0xff, 0xfb, 0xff, 0x02, 0x00, 0xeb, 0xff, 0x00, 0x00,
  0xfa, 0xff, 0xf8, 0xff, 0x02, 0x00, 0x05, 0x00, 0xf8, 0xff, 0xfc, 0xff,
  0xf6, 0xff, 0xfd, 0xff, 0xfc, 0xff, 0xfe, 0xff, 0xff, 0xff, 0x0c, 0x00,
  0x06, 0x00, 0x0d, 0x00, 0xf4, 0xff, 0x01, 0x00, 0xf5, 0xff, 0x06, 0x00,
  0xfc, 0xff, 0x08, 0x00, 0x0a, 0x00, 0x11, 0x00, 0x04, 0x00, 0x05, 0x00,
  0xfd, 0xff, 0x02, 0x00, 0xff, 0xff, 0x06, 0x00, 0x03, 0x00, 0x02, 0x00,
  0x00, 0x00, 0x00, 0x00, 0x00, 0x00, 0x01, 0x00, 0xf5, 0xff, 0x01, 0x00,
  0x00, 0x00, 0xff, 0xff, 0xf6, 0xff, 0x03, 0x00, 0x03, 0x00, 0xfc, 0xff,
  0xef, 0xff, 0xfa, 0xff, 0xf2, 0xff, 0xfb, 0xff, 0xfb, 0xff, 0xfd, 0xff,
  0xff, 0xff, 0x08, 0x00, 0x03, 0x00, 0x03, 0x00, 0xf9, 0xff, 0x01, 0x00,
  0x00, 0x00, 0x04, 0x00, 0xfa, 0xff, 0x05, 0x00, 0xff, 0xff, 0x02, 0x00,
  0x03, 0x00, 0x00, 0x00, 0x0a, 0x00, 0x04, 0x00, 0x00, 0x00, 0x05, 0x00,
  0x0a, 0x00, 0x0c, 0x00, 0x05, 0x00, 0x03, 0x00, 0x07, 0x00, 0x07, 0x00,
  0x00, 0x00, 0x05, 0x00, 0x00, 0x00, 0x04, 0x00, 0xff, 0xff, 0x01, 0x00,
  0xf4, 0xff, 0xfb, 0xff, 0xfb, 0xff, 0xfd, 0xff, 0x00, 0x00, 0x04, 0x00,
  0xfb, 0xff, 0xfe, 0xff, 0xfd, 0xff, 0x03, 0x00, 0xf6, 0xff, 0x00, 0x00,
  0x01, 0x00, 0xf5, 0xff, 0xff, 0xff, 0xfd, 0xff, 0xf7, 0xff, 0x05, 0x00,
  0x07, 0x00, 0x07, 0x00, 0xf9, 0xff, 0xfe, 0xff, 0x06, 0x00, 0x08, 0x00,
  0x05, 0x00, 0x04, 0x00, 0x01, 0x00, 0x00, 0x00, 0xfa, 0xff, 0xfc, 0xff,
  0x00, 0x00, 0xff, 0xff, 0xfc, 0xff, 0x06, 0x00, 0x04, 0x00, 0x07, 0x00,
  0x02, 0x00, 0x07, 0x00, 0x02, 0x00, 0x0e, 0x00, 0xfb, 0xff, 0x08, 0x00,
  0x05, 0x00, 0x05, 0x00, 0x00, 0x00, 0x02, 0x00, 0xfc, 0xff, 0x07, 0x00,
  0xf8, 0xff, 0xf1, 0xff, 0xfe, 0xff, 0xfe, 0xff, 0xf2, 0xff, 0x00, 0x00,
  0xfd, 0xff, 0xfc, 0xff, 0xfa, 0xff, 0xff, 0xff, 0xf5, 0xff, 0xf0, 0xff,
  0xf0, 0xff, 0x01, 0x00, 0xfc, 0xff, 0xff, 0xff, 0x01, 0x00, 0x06, 0x00,
  0xf6, 0xff, 0xfd, 0xff, 0xfc, 0xff, 0xfb, 0xff, 0x02, 0x00, 0x02, 0x00,
  0x00, 0x00, 0x07, 0x00, 0xfc, 0xff, 0x05, 0x00, 0x05, 0x00, 0x09, 0x00,
  0x05, 0x00, 0x0c, 0x00, 0x05, 0x00, 0x06, 0x00, 0x05, 0x00, 0x08, 0x00,
  0x05, 0x00, 0x0c, 0x00, 0x04, 0x00, 0x0a, 0x00, 0x0b, 0x00, 0x0c, 0x00,
  0x08, 0x00, 0x0d, 0x00, 0x05, 0x00, 0x00, 0x00, 0xfc, 0xff, 0xfd, 0xff,
  0x00, 0x00, 0xf8, 0xff, 0xf9, 0xff, 0xfc, 0xff, 0xfb, 0xff, 0xfe, 0xff,
  0xf7, 0xff, 0xf6, 0xff, 0xf2, 0xff, 0xf6, 0xff, 0xf3, 0xff, 0xfe, 0xff,
  0xf4, 0xff, 0xf8, 0xff, 0xf5, 0xff, 0xfa, 0xff, 0xf9, 0xff, 0xfb, 0xff,
  0xf9, 0xff, 0xfd, 0xff, 0x00, 0x00, 0x0a, 0x00, 0x02, 0x00, 0x0a, 0x00,
  0x08, 0x00, 0x0a, 0x00, 0x03, 0x00, 0x0a, 0x00, 0x05, 0x00, 0x02, 0x00,
  0x01, 0x00, 0x07, 0x00, 0x01, 0x00, 0x00, 0x00, 0xf6, 0xff, 0xfc, 0xff,
  0xf2, 0xff, 0xfa, 0xff, 0xf4, 0xff, 0x02, 0x00, 0xfe, 0xff, 0x01, 0x00,
  0x03, 0x00, 0x05, 0x00, 0x00, 0x00, 0x08, 0x00, 0x02, 0x00, 0x08, 0x00,
  0x04, 0x00, 0x08, 0x00, 0xfe, 0xff, 0xff, 0xff, 0xff, 0xff, 0xff, 0xff,
  0x03, 0x00, 0x0a, 0x00, 0x02, 0x00, 0x06, 0x00, 0x0e, 0x00, 0x05, 0x00,
  0xf8, 0xff, 0x01, 0x00, 0x04, 0x00, 0x03, 0x00, 0xff, 0xff, 0x04, 0x00,
  0xfa, 0xff, 0x00, 0x00, 0x06, 0x00, 0x03, 0x00, 0xf5, 0xff, 0xfd, 0xff,
  0xfd, 0xff, 0x04, 0x00, 0xfd, 0xff, 0x06, 0x00, 0x06, 0x00, 0x00, 0x00,
  0xfd, 0xff, 0x00, 0x00, 0xff, 0xff, 0x02, 0x00, 0xfb, 0xff, 0xfe, 0xff,
  0xff, 0xff, 0xfb, 0xff, 0xf4, 0xff, 0xfd, 0xff, 0xfc, 0xff, 0xfe, 0xff,
  0xfb, 0xff, 0xfc, 0xff, 0xfc, 0xff, 0x03, 0x00, 0xfc, 0xff, 0x04, 0x00,
  0xfd, 0xff, 0xfd, 0xff, 0xf7, 0xff, 0x01, 0x00, 0x01, 0x00, 0xfc, 0xff,
  0xfb, 0xff, 0xfc, 0xff, 0x00, 0x00, 0x04, 0x00, 0xff, 0xff, 0x05, 0x00,
  0x00, 0x00, 0x04, 0x00, 0xf6, 0xff, 0xfb, 0xff, 0x02, 0x00, 0x10, 0x00,
  0x09, 0x00, 0x0b, 0x00, 0x05, 0x00, 0x11, 0x00, 0x01, 0x00, 0x06, 0x00,
  0xfc, 0xff, 0x0d, 0x00, 0x05, 0x00, 0x02, 0x00, 0xfd, 0xff, 0x00, 0x00,
  0xf8, 0xff, 0xf7, 0xff, 0xf7, 0xff, 0x03, 0x00, 0x00, 0x00, 0xfc, 0xff,
  0xfd, 0xff, 0x00, 0x00, 0xf6, 0xff, 0xfc, 0xff, 0xf7, 0xff, 0xff, 0xff,
  0xfb, 0xff, 0x09, 0x00, 0xfb, 0xff, 0x01, 0x00, 0xf6, 0xff, 0xfd, 0xff,
  0xfd, 0xff, 0xf7, 0xff, 0xf4, 0xff, 0x00, 0x00, 0xf2, 0xff, 0xf5, 0xff,
  0xff, 0xff, 0x01, 0x00, 0x03, 0x00, 0x04, 0x00, 0x06, 0x00, 0x11, 0x00,
  0x0a, 0x00, 0x16, 0x00, 0x11, 0x00, 0x18, 0x00, 0x10, 0x00, 0x11, 0x00,
  0x0e, 0x00, 0x05, 0x00, 0x00, 0x00, 0x10, 0x00, 0x0d, 0x00, 0x0c, 0x00,
  0x07, 0x00, 0x00, 0x00, 0xf8, 0xff, 0xfb, 0xff, 0xfb, 0xff, 0xf8, 0xff,
  0xe8, 0xff, 0xfe, 0xff, 0xed, 0xff, 0xf1, 0xff, 0xf4, 0xff, 0xf5, 0xff,
  0xee, 0xff, 0xf2, 0xff, 0xf3, 0xff, 0xfa, 0xff, 0xf0, 0xff, 0xfa, 0xff,
  0xf5, 0xff, 0x06, 0x00, 0xfc, 0xff, 0xff, 0xff, 0xf2, 0xff, 0x04, 0x00,
  0x05, 0x00, 0x08, 0x00, 0xfc, 0xff, 0x05, 0x00, 0x00, 0x00, 0x05, 0x00,
  0x06, 0x00, 0x0e, 0x00, 0x01, 0x00, 0x00, 0x00, 0x00, 0x00, 0x0d, 0x00,
  0xff, 0xff, 0x01, 0x00, 0x00, 0x00, 0x03, 0x00, 0xfd, 0xff, 0xff, 0xff,
  0x02, 0x00, 0x04, 0x00, 0xfa, 0xff, 0xff, 0xff, 0xfc, 0xff, 0x02, 0x00,
  0xfb, 0xff, 0x09, 0x00, 0x08, 0x00, 0x11, 0x00, 0x05, 0x00, 0x09, 0x00,
  0x03, 0x00, 0x04, 0x00, 0xf9, 0xff, 0x02, 0x00, 0xff, 0xff, 0x0b, 0x00,
  0x00, 0x00, 0x07, 0x00, 0x03, 0x00, 0x0f, 0x00, 0x04, 0x00, 0x0a, 0x00,
  0x00, 0x00, 0x03, 0x00, 0xfb, 0xff, 0x00, 0x00, 0xef, 0xff, 0xf2, 0xff,
  0xfa, 0xff, 0xfc, 0xff, 0xec, 0xff, 0xfd, 0xff, 0xf8, 0xff, 0xfa, 0xff,
  0xf4, 0xff, 0xf8, 0xff, 0xf7, 0xff, 0xfe, 0xff, 0xf4, 0xff, 0x00, 0x00,
  0x02, 0x00, 0x05, 0x00, 0x02, 0x00, 0x00, 0x00, 0xf5, 0xff, 0x02, 0x00,
  0xfe, 0xff, 0x08, 0x00, 0x04, 0x00, 0x12, 0x00, 0x17, 0x00, 0x1b, 0x00,
  0x0f, 0x00, 0x07, 0x00, 0xf4, 0xff, 0xfd, 0xff, 0xfa, 0xff, 0x00, 0x00,
  0xfd, 0xff, 0x0c, 0x00, 0x03, 0x00, 0xff, 0xff, 0xf7, 0xff, 0x06, 0x00,
  0xf4, 0xff, 0xfa, 0xff, 0xf4, 0xff, 0xf4, 0xff, 0x00, 0x00, 0xff, 0xff,
  0xf4, 0xff, 0xfe, 0xff, 0xf4, 0xff, 0xfc, 0xff, 0xfb, 0xff, 0x0b, 0x00,
  0x07, 0x00, 0x0c, 0x00, 0xf0, 0xff, 0x03, 0x00, 0x03, 0x00, 0x09, 0x00,
  0x01, 0x00, 0x08, 0x00, 0x07, 0x00, 0x1a, 0x00, 0x0f, 0x00, 0x0e, 0x00,
  0xfb, 0xff, 0x00, 0x00, 0xfa, 0xff, 0xfc, 0xff, 0x01, 0x00, 0x0d, 0x00,
  0x06, 0x00, 0xff, 0xff, 0x00, 0x00, 0x0c, 0x00, 0x00, 0x00, 0x04, 0x00,
  0xf2, 0xff, 0x00, 0x00, 0xf7, 0xff, 0x09, 0x00, 0xff, 0xff, 0x0a, 0x00,
  0x00, 0x00, 0x05, 0x00, 0x00, 0x00, 0x04, 0x00, 0xf5, 0xff, 0x00, 0x00,
  0xed, 0xff, 0xf7, 0xff, 0xf6, 0xff, 0x01, 0x00, 0xf8, 0xff, 0x0c, 0x00,
  0x0a, 0x00, 0x0d, 0x00, 0xfc, 0xff, 0xf9, 0xff, 0xe4, 0xff, 0xf0, 0xff,
  0xf7, 0xff, 0xfb, 0xff, 0xfe, 0xff, 0x06, 0x00, 0xfc, 0xff, 0xfb, 0xff,
  0xee, 0xff, 0xf5, 0xff, 0xff, 0xff, 0x06, 0x00, 0xfb, 0xff, 0x03, 0x00,
  0x0a, 0x00, 0x05, 0x00, 0xf7, 0xff, 0x04, 0x00, 0xf8, 0xff, 0xfd, 0xff,
  0x03, 0x00, 0x03, 0x00, 0xfe, 0xff, 0x0b, 0x00, 0x07, 0x00, 0x05, 0x00,
  0xfe, 0xff, 0x0b, 0x00, 0x03, 0x00, 0x0f, 0x00, 0x0b, 0x00, 0x16, 0x00,
  0x13, 0x00, 0x11, 0x00, 0xf9, 0xff, 0xfe, 0xff, 0xec, 0xff, 0xe9, 0xff,
  0xef, 0xff, 0xf6, 0xff, 0xfa, 0xff, 0x09, 0x00, 0x06, 0x00, 0x00, 0x00,
  0xf6, 0xff, 0xf5, 0xff, 0xf1, 0xff, 0xf3, 0xff, 0xf1, 0xff, 0x0a, 0x00,
  0x10, 0x00, 0x21, 0x00, 0x13, 0x00, 0x1b, 0x00, 0x11, 0x00, 0x12, 0x00,
  0x00, 0x00, 0x05, 0x00, 0xfd, 0xff, 0x08, 0x00, 0xfa, 0xff, 0x06, 0x00,
  0xf5, 0xff, 0x00, 0x00, 0xfb, 0xff, 0x04, 0x00, 0xf2, 0xff, 0xf4, 0xff,
  0xed, 0xff, 0xe6, 0xff, 0xdb, 0xff, 0xed, 0xff, 0xfe, 0xff, 0x09, 0x00,
  0x03, 0x00, 0x0b, 0x00, 0xfb, 0xff, 0xf9, 0xff, 0xf5, 0xff, 0xff, 0xff,
  0x00, 0x00, 0x09, 0x00, 0x04, 0x00, 0x09, 0x00, 0x08, 0x00, 0x0a, 0x00,
  0x02, 0x00, 0x0e, 0x00, 0x00, 0x00, 0x09, 0x00, 0x00, 0x00, 0x03, 0x00,
  0xff, 0xff, 0x07, 0x00, 0x05, 0x00, 0xff, 0xff, 0x09, 0x00, 0x17, 0x00,
  0x0d, 0x00, 0x13, 0x00, 0xf2, 0xff, 0x00, 0x00, 0xf0, 0xff, 0xfb, 0xff,
  0xf1, 0xff, 0x00, 0x00, 0xf5, 0xff, 0xf2, 0xff, 0xec, 0xff, 0xf2, 0xff,
  0xe0, 0xff, 0xee, 0xff, 0xe9, 0xff, 0x00, 0x00, 0x06, 0x00, 0x17, 0x00,
  0x1a, 0x00, 0x2a, 0x00, 0x20, 0x00, 0x23, 0x00, 0x0f, 0x00, 0x1a, 0x00,
  0x0b, 0x00, 0xfb, 0xff, 0xf0, 0xff, 0xde, 0xff, 0xd4, 0xff, 0xe5, 0xff,
  0xed, 0xff, 0x0d, 0x00, 0x16, 0x00, 0x13, 0x00, 0x01, 0x00, 0xf1, 0xff,
  0xe6, 0xff, 0xf9, 0xff, 0xf5, 0xff, 0x02, 0x00, 0xf3, 0xff, 0xf8, 0xff,
  0xeb, 0xff, 0xf3, 0xff, 0xec, 0xff, 0xfd, 0xff, 0x06, 0x00, 0x10, 0x00,
  0x07, 0x00, 0x09, 0x00, 0xff, 0xff, 0x14, 0x00, 0x06, 0x00, 0x0f, 0x00,
  0x09, 0x00, 0x24, 0x00, 0x23, 0x00, 0x31, 0x00, 0x1d, 0x00, 0x1c, 0x00,
  0x01, 0x00, 0xff, 0xff, 0xe8, 0xff, 0xe9, 0xff, 0xde, 0xff, 0xf7, 0xff,
  0x03, 0x00, 0x13, 0x00, 0x06, 0x00, 0xf8, 0xff, 0xe5, 0xff, 0xf5, 0xff,
  0xdc, 0xff, 0xd4, 0xff, 0xca, 0xff, 0xe4, 0xff, 0xef, 0xff, 0xf8, 0xff,
  0xf5, 0xff, 0x01, 0x00, 0x10, 0x00, 0x13, 0x00, 0x05, 0x00, 0x02, 0x00,
  0xff, 0xff, 0x0f, 0x00, 0x06, 0x00, 0x07, 0x00, 0x12, 0x00, 0x1c, 0x00,
  0x13, 0x00, 0x23, 0x00, 0x1f, 0x00, 0x18, 0x00, 0xfa, 0xff, 0xf9, 0xff,
  0xf6, 0xff, 0xf4, 0xff, 0xf7, 0xff, 0x0d, 0x00, 0x0c, 0x00, 0x00, 0x00,
  0xee, 0xff, 0xe5, 0xff, 0xe1, 0xff, 0xec, 0xff, 0xf3, 0xff, 0x09, 0x00,
  0x01, 0x00, 0x06, 0x00, 0x05, 0x00, 0x10, 0x00, 0x09, 0x00, 0x05, 0x00,
  0xef, 0xff, 0xf5, 0xff, 0xf9, 0xff, 0x06, 0x00, 0x0a, 0x00, 0x1e, 0x00,
  0x27, 0x00, 0x2f, 0x00, 0x19, 0x00, 0x13, 0x00, 0x03, 0x00, 0x0b, 0x00,
  0xff, 0xff, 0x06, 0x00, 0xf0, 0xff, 0xe1, 0xff, 0xc9, 0xff, 0xcf, 0xff,
  0xce, 0xff, 0xd3, 0xff, 0xca, 0xff, 0xda, 0xff, 0xeb, 0xff, 0x08, 0x00,
  0x07, 0x00, 0xf7, 0xff, 0xf4, 0xff, 0x06, 0x00, 0x01, 0x00, 0x0a, 0x00,
  0x08, 0x00, 0x28, 0x00, 0x2c, 0x00, 0x33, 0x00, 0x0c, 0x00, 0xfb, 0xff,
  0xed, 0xff, 0x0b, 0x00, 0x15, 0x00, 0x2e, 0x00, 0x2e, 0x00, 0x26, 0x00,
  0x0e, 0x00, 0x03, 0x00, 0xe3, 0xff, 0xd9, 0xff, 0xbe, 0xff, 0xf2, 0xff,
  0x01, 0x00, 0x22, 0x00, 0x2c, 0x00, 0x23, 0x00, 0xfe, 0xff, 0xf3, 0xff,
  0xdd, 0xff, 0xe4, 0xff, 0xed, 0xff, 0xfd, 0xff, 0x14, 0x00, 0x1c, 0x00,
  0xdd, 0xff, 0xb5, 0xff, 0x9d, 0xff, 0xdd, 0xff, 0x0d, 0x00, 0x3f, 0x00,
  0x40, 0x00, 0x27, 0x00, 0xef, 0xff, 0xed, 0xff, 0xf0, 0xff, 0x08, 0x00,
  0x02, 0x00, 0x32, 0x00, 0x37, 0x00, 0x48, 0x00, 0x20, 0x00, 0x27, 0x00,
  0x0a, 0x00, 0xf4, 0xff, 0xe1, 0xff, 0xdb, 0xff, 0xc8, 0xff, 0xed, 0xff,
  0x14, 0x00, 0x52, 0x00, 0x21, 0x00, 0xcd, 0xff, 0x90, 0xff, 0x88, 0xff,
  0x91, 0xff, 0xd9, 0xff, 0x23, 0x00, 0x85, 0x00, 0x74, 0x00, 0x12, 0x00,
  0xdd, 0xff, 0xd2, 0xff, 0xde, 0xff, 0xfe, 0xff, 0x0f, 0x00, 0x30, 0x00,
  0x41, 0x00, 0x53, 0x00, 0x09, 0x00, 0xed, 0xff, 0xa6, 0xff, 0x84, 0xff,
  0x8b, 0xff, 0xd4, 0xff, 0x25, 0x00, 0x4e, 0x00, 0x4c, 0x00, 0x2d, 0x00,
  0xe2, 0xff, 0xa0, 0xff, 0x83, 0xff, 0xbb, 0xff, 0x12, 0x00, 0x85, 0x00,
  0x89, 0x00, 0x5a, 0x00, 0x0c, 0x00, 0xe2, 0xff, 0xda, 0xff, 0xeb, 0xff,
  0x01, 0x00, 0x29, 0x00, 0x33, 0x00, 0x2a, 0x00, 0x18, 0x00, 0x24, 0x00,
  0xf5, 0xff, 0xf3, 0xff, 0xda, 0xff, 0xee, 0xff, 0x0f, 0x00, 0x31, 0x00,
  0x1e, 0x00, 0x07, 0x00, 0xf8, 0xff, 0x05, 0x00, 0xdc, 0xff, 0xd3, 0xff,
  0xdf, 0xff, 0xf2, 0xff, 0xc4, 0xff, 0xa1, 0xff, 0xbb, 0xff, 0x0a, 0x00,
  0x38, 0x00, 0x58, 0x00, 0x3f, 0x00, 0x2e, 0x00, 0x10, 0x00, 0xec, 0xff,
  0xb3, 0xff, 0xd1, 0xff, 0x19, 0x00, 0x4b, 0x00, 0x3a, 0x00, 0x00, 0x00,
  0xe3, 0xff, 0xfb, 0xff, 0xd4, 0xff, 0xbd, 0xff, 0x99, 0xff, 0xfb, 0xff,
  0x11, 0x00, 0x44, 0x00, 0x20, 0x00, 0x04, 0x00, 0xe6, 0xff, 0xce, 0xff,
  0xe2, 0xff, 0x20, 0x00, 0x0f, 0x00, 0x1c, 0x00, 0xfe, 0xff, 0x06, 0x00,
  0xee, 0xff, 0xdf, 0xff, 0x1d, 0x00, 0xf0, 0xff, 0xef, 0xff, 0x57, 0x00,
  0x63, 0x00, 0x26, 0x00, 0xec, 0xff, 0xdf, 0xff, 0xb8, 0xff, 0xeb, 0xff,
  0x1c, 0x00, 0x33, 0x00, 0x06, 0x00, 0x12, 0x00, 0x0f, 0x00, 0x33, 0x00,
  0xee, 0xff, 0xd1, 0xff, 0xf0, 0xff, 0x0f, 0x00, 0xc0, 0xff, 0xcd, 0xff,
  0x3c, 0x00, 0x79, 0x00, 0xfb, 0xff, 0xa5, 0xff, 0x8e, 0xff, 0xba, 0xff,
  0xfe, 0xff, 0xdf, 0xff, 0xdc, 0xff, 0x24, 0x00, 0x6d, 0x00, 0x6f, 0x00,
  0xcf, 0xff, 0x81, 0xff, 0xb9, 0xff, 0x03, 0x00, 0xce, 0xff, 0x17, 0x00,
  0x76, 0x00, 0x82, 0x00, 0x4e, 0x00, 0xf5, 0xff, 0xc6, 0xff, 0xeb, 0xff,
  0xea, 0xff, 0xab, 0xff, 0xd9, 0xff, 0x9d, 0x00, 0x9a, 0x00, 0x16, 0x00,
  0x9c, 0xff, 0x16, 0x00, 0x2e, 0x00, 0x10, 0x00, 0xe1, 0xff, 0xb4, 0xff,
  0xcc, 0xff, 0xf8, 0xff, 0xfb, 0xff, 0xa0, 0xff, 0xcc, 0xff, 0x56, 0x00,
  0x50, 0x00, 0x36, 0x00, 0xc8, 0xff, 0xcf, 0xff, 0x12, 0x00, 0x00, 0x00,
  0xe9, 0xff, 0x11, 0x00, 0xb7, 0xff, 0x95, 0xff, 0xa6, 0xff, 0xed, 0xff,
  0x7f, 0x00, 0x12, 0x01, 0xbd, 0x00, 0xe2, 0xff, 0x25, 0xff, 0x95, 0xff,
  0xb8, 0x00, 0x13, 0x00, 0xc0, 0xfe, 0x1e, 0xff, 0xc4, 0x00, 0x1c, 0x01,
  0xd0, 0x00, 0x98, 0x00, 0xa4, 0xff, 0x9b, 0xff, 0x40, 0xff, 0x1c, 0xff,
  0x06, 0xff, 0xf7, 0xff, 0x75, 0x00, 0x33, 0x00, 0xb8, 0xff, 0xc8, 0x00,
  0xe7, 0x01, 0x26, 0x01, 0x9e, 0xfe, 0xfa, 0xfd, 0x49, 0xff, 0xd5, 0x00,
  0x2b, 0x00, 0xf1, 0xff, 0x15, 0x00, 0xa0, 0x00, 0x63, 0x00, 0xca, 0xff,
  0x1a, 0xff, 0xc2, 0xff, 0x3b, 0x00, 0xf1, 0xff, 0x81, 0xff, 0x91, 0x00,
  0xfd, 0x00, 0xbd, 0x00, 0x51, 0x00, 0xcb, 0xff, 0xad, 0xff, 0xb3, 0x00,
  0xf1, 0x00, 0x0f, 0x00, 0x2d, 0xff, 0x1f, 0x00, 0x69, 0x00, 0x24, 0x00,
  0x7d, 0xff, 0xf6, 0xff, 0x75, 0x00, 0x1c, 0x00, 0x75, 0xff, 0x99, 0xff,
  0x51, 0x00, 0x8c, 0xff, 0xf9, 0xfd, 0x63, 0xfe, 0xbd, 0xfe, 0x46, 0xff,
  0x12, 0xff, 0xf8, 0xfe, 0x18, 0xff, 0x24, 0xff, 0x0f, 0x00, 0xd0, 0x00,
  0xe8, 0x00, 0x05, 0x01, 0x44, 0x01, 0x99, 0x01, 0xcd, 0x01, 0xd0, 0x00,
  0x82, 0x00, 0x39, 0x01, 0x58, 0x02, 0x8d, 0x01, 0x8b, 0xff, 0xad, 0xff,
  0xe2, 0x00, 0x52, 0x01, 0x8e, 0x00, 0x0c, 0xff, 0x66, 0xfd, 0x0f, 0xfe,
  0x41, 0xff, 0xcc, 0xff, 0xcb, 0xfe, 0x58, 0xfe, 0x4f, 0xff, 0x6c, 0xff,
  0x38, 0xfe, 0x6c, 0xfe, 0xee, 0xfe, 0x97, 0x01, 0xd3, 0xff, 0xc5, 0xfe,
  0x36, 0xff, 0xba, 0x02, 0x02, 0x03, 0xbf, 0x01, 0x24, 0x00, 0x83, 0xff,
  0x47, 0x01, 0x6b, 0x02, 0x08, 0x02, 0xc6, 0xff, 0x20, 0xff, 0xf7, 0xff,
  0x8f, 0x01, 0x64, 0x00, 0x07, 0xff, 0xe3, 0x00, 0xcb, 0x02, 0xf1, 0x00,
  0xd8, 0xfd, 0xc8, 0xfc, 0xfd, 0xfd, 0xff, 0xff, 0xa1, 0xff, 0x58, 0xfe,
  0x09, 0xff, 0x15, 0x00, 0x6d, 0xff, 0xb1, 0xfe, 0x11, 0xfe, 0x7b, 0xff,
  0x2d, 0xff, 0xcd, 0xff, 0x8f, 0xff, 0x5a, 0x01, 0x2f, 0x01, 0x45, 0x00,
  0x05, 0x01, 0xa0, 0xff, 0x52, 0xfe, 0xb9, 0xfe, 0x06, 0x01, 0x7b, 0x02,
  0x22, 0x02, 0x6b, 0xff, 0xd7, 0x00, 0x7d, 0x03, 0x2a, 0x01, 0xa4, 0xfc,
  0x70, 0xff, 0x06, 0x01, 0x0a, 0x02, 0x1b, 0xff, 0x23, 0x00, 0xe6, 0x01,
  0x73, 0x02, 0xb6, 0x00, 0xb3, 0xfc, 0xed, 0xfc, 0xab, 0xff, 0x6a, 0x00,
  0xa7, 0xfe, 0x1b, 0x00, 0x78, 0x02, 0x5c, 0x00, 0xd3, 0xfd, 0x76, 0xff,
  0x62, 0xff, 0xbc, 0xfe, 0x30, 0xfe, 0x5f, 0xff, 0x11, 0x01, 0x5c, 0x01,
  0x12, 0x02, 0x43, 0x00, 0x98, 0xfd, 0x80, 0xfd, 0x48, 0xfe, 0x40, 0xff,
  0x7c, 0x00, 0x54, 0x00, 0x14, 0x01, 0x23, 0x02, 0x22, 0x03, 0x62, 0xff,
  0x53, 0xfd, 0x5f, 0xfe, 0x5a, 0x00, 0xee, 0x01, 0x44, 0xff, 0x52, 0x00,
  0x7d, 0x04, 0xfb, 0x05, 0x6b, 0x01, 0x2f, 0xfd, 0xb4, 0xfd, 0xeb, 0xfd,
  0xa7, 0xff, 0x0e, 0x00, 0x74, 0xff, 0x4f, 0x01, 0x0a, 0x03, 0x2f, 0x03,
  0x44, 0xff, 0xbf, 0xfd, 0xb2, 0xfc, 0x2b, 0xfc, 0x8f, 0xfd, 0xd6, 0xfe,
  0xf6, 0xfe, 0x44, 0x03, 0x15, 0x03, 0x59, 0x01, 0x7e, 0xfe, 0x69, 0xfc,
  0x12, 0xff, 0x98, 0xff, 0x87, 0xfb, 0xfb, 0xfc, 0xe1, 0x04, 0x5f, 0x07,
  0xbf, 0x02, 0xa0, 0xff, 0x61, 0x01, 0x00, 0xfe, 0xf0, 0xfd, 0x15, 0xfb,
  0x30, 0xfd, 0x03, 0x03, 0x1d, 0x04, 0xe5, 0x02, 0x8a, 0x02, 0xdf, 0x02,
  0x19, 0xfe, 0xf5, 0xfc, 0xd4, 0xfb, 0x32, 0xfd, 0x3b, 0x00, 0xc5, 0x03,
  0x1c, 0x04, 0x76, 0x02, 0x11, 0x02, 0x3c, 0xfd, 0x24, 0xfc, 0x5f, 0xfc,
  0xa3, 0xfd, 0x46, 0x00, 0xb0, 0x02, 0xe5, 0x04, 0x37, 0x02, 0xfb, 0xfd,
  0x01, 0xfe, 0xeb, 0xfd, 0x2d, 0xfe, 0x92, 0xfc, 0x9e, 0xfd, 0x95, 0x02,
  0x87, 0x05, 0xb5, 0x01, 0xcd, 0xfc, 0x72, 0x00, 0xcf, 0xfe, 0x6b, 0xfe,
  0x37, 0xfe, 0xd5, 0xfe, 0x65, 0x00, 0x72, 0x02, 0x9a, 0x04, 0xfd, 0x02,
  0xc0, 0xfd, 0x27, 0xfd, 0x67, 0xff, 0x96, 0x00, 0x6c, 0xfe, 0x64, 0x00,
  0x6a, 0x03, 0xc8, 0x05, 0x72, 0x00, 0x44, 0xfd, 0xd9, 0xff, 0xf4, 0x00,
  0x0c, 0xfe, 0x75, 0xfd, 0x21, 0xfd, 0x08, 0x02, 0xd8, 0x03, 0xd8, 0x00,
  0x4e, 0xfe, 0x5f, 0xff, 0x3c, 0xff, 0x16, 0xfd, 0xba, 0xfc, 0xdc, 0xfd,
  0xf3, 0x02, 0xb3, 0x05, 0x82, 0x01, 0xfb, 0xfb, 0x99, 0xfc, 0x55, 0x01,
  0x50, 0x02, 0xd3, 0xfe, 0x16, 0xfd, 0x22, 0x00, 0xa0, 0x03, 0x4f, 0x03,
  0xd9, 0xfd, 0x78, 0x00, 0x60, 0x03, 0xd3, 0x00, 0x3c, 0xfa, 0x6f, 0xfc,
  0x12, 0x03, 0x58, 0x04, 0xa3, 0x01, 0xcf, 0xfd, 0xb2, 0xfe, 0xed, 0xff,
  0xe3, 0xfe, 0xa6, 0xff, 0x86, 0x02, 0xef, 0xff, 0xfa, 0xf9, 0x32, 0x00,
  0x46, 0x02, 0x0e, 0x02, 0x66, 0xfe, 0x76, 0x00, 0x29, 0x01, 0xa9, 0xfe,
  0x9c, 0xfa, 0xf9, 0xfe, 0x10, 0x06, 0x18, 0x05, 0xbf, 0xfc, 0x59, 0xfa,
  0x9a, 0x01, 0x8b, 0x04, 0x09, 0x00, 0xc1, 0x00, 0xb9, 0xfe, 0x42, 0xfe,
  0x46, 0xff, 0xc9, 0x00, 0xaa, 0x00, 0x6e, 0x01, 0x1c, 0x02, 0x3e, 0x02,
  0x8c, 0xfe, 0x8e, 0xf8, 0x91, 0xfc, 0xbd, 0x03, 0xec, 0x06, 0xfb, 0xfe,
  0x79, 0xfb, 0x91, 0xff, 0x55, 0x04, 0x0d, 0x01, 0x22, 0xfd, 0xe8, 0xfe,
  0x4b, 0x02, 0xa8, 0xfe, 0xf7, 0xfb, 0x0b, 0x00, 0x58, 0x03, 0x39, 0x03,
  0x00, 0x02, 0x8e, 0xff, 0xb9, 0xfb, 0xd4, 0xfb, 0xba, 0xfe, 0x57, 0x04,
  0xec, 0x03, 0xdf, 0xfc, 0xe8, 0xfd, 0xd8, 0x00, 0x02, 0x02, 0x7b, 0xfb,
  0xd1, 0xfe, 0x01, 0x04, 0xe3, 0x06, 0xf1, 0xfb, 0xa8, 0xf7, 0xf8, 0x02,
  0x1a, 0x07, 0x8a, 0x00, 0xf3, 0xfc, 0xef, 0xff, 0xab, 0x03, 0xc2, 0xfe,
  0xb7, 0xfa, 0x15, 0x00, 0xff, 0x05, 0xbc, 0x01, 0x4e, 0xfd, 0x5f, 0xfc,
  0x03, 0xfe, 0x61, 0xff, 0xce, 0x01, 0xe1, 0x02, 0x08, 0x00, 0xfd, 0xfb,
  0xd1, 0xfe, 0x57, 0x03, 0xc2, 0x01, 0xaa, 0xfb, 0x65, 0xfd, 0x4f, 0x02,
  0x63, 0x01, 0xec, 0xf9, 0xea, 0xfe, 0xde, 0x06, 0x04, 0x05, 0x3a, 0xff,
  0xca, 0xfb, 0xd9, 0xff, 0x7d, 0x03, 0xfc, 0x01, 0x35, 0xfe, 0xc3, 0x01,
  0xc5, 0x03, 0x15, 0xfd, 0x85, 0xfe, 0x42, 0x00, 0x5c, 0xff, 0x44, 0x02,
  0x63, 0x03, 0xfa, 0xfd, 0xc7, 0xfb, 0x32, 0x01, 0x5d, 0x05, 0xe9, 0x02,
  0x3d, 0xfb, 0xeb, 0xf8, 0xac, 0xfc, 0xae, 0xff, 0xea, 0xff, 0x10, 0xfe,
  0xba, 0xfe, 0x99, 0x01, 0xc8, 0x00, 0x49, 0xfa, 0xfe, 0xfc, 0x15, 0x04,
  0x9f, 0x05, 0xab, 0xff, 0x58, 0xfc, 0xb6, 0x01, 0xc2, 0x05, 0xff, 0x00,
  0x1e, 0xfe, 0xb6, 0x00, 0xc3, 0x00, 0xb4, 0xff, 0x6f, 0x00, 0x43, 0x05,
  0xbd, 0x03, 0x8c, 0xfe, 0x0f, 0x00, 0x03, 0x03, 0x8b, 0xfe, 0x17, 0xfc,
  0x5d, 0xfc, 0x9b, 0x01, 0x07, 0x00, 0x00, 0xfe, 0x82, 0xff, 0xf9, 0x01,
  0x5e, 0x02, 0xd4, 0xff, 0xbc, 0xf9, 0xd4, 0xfb, 0x08, 0x01, 0x55, 0xff,
  0x68, 0xff, 0x81, 0x00, 0x54, 0x03, 0x44, 0x00, 0x16, 0xfd, 0x0e, 0x00,
  0xde, 0x02, 0xcd, 0xff, 0x02, 0x00, 0x48, 0xff, 0xbb, 0x02, 0xdd, 0x00,
  0x83, 0xff, 0xab, 0x02, 0x59, 0x03, 0x61, 0xfd, 0x3b, 0xfc, 0x3e, 0xff,
  0xf2, 0x00, 0x95, 0x00, 0xc1, 0xff, 0x0b, 0x03, 0x80, 0x00, 0xfc, 0xfe,
  0x56, 0xfa, 0xb9, 0xfe, 0x2e, 0x03, 0x91, 0xff, 0x3d, 0x00, 0x74, 0x00,
  0x98, 0xfc, 0x04, 0x00, 0xb6, 0xff, 0x91, 0x02, 0xc5, 0xff, 0xe9, 0xfd,
  0xd9, 0xfe, 0x2c, 0x01, 0xbf, 0x00, 0x3a, 0x02, 0x4a, 0x02, 0x9c, 0x04,
  0x5d, 0xff, 0x3c, 0xfb, 0x86, 0x00, 0x93, 0x02, 0x5b, 0x01, 0x78, 0xff,
  0xe3, 0xfe, 0x74, 0x00, 0xf1, 0xff, 0x8e, 0xff, 0x3b, 0xff, 0xc0, 0xfe,
  0xda, 0xfd, 0x59, 0xfe, 0x2a, 0xff, 0x31, 0x00, 0xfa, 0x00, 0xd7, 0xff,
  0xf5, 0xfd, 0x0f, 0x00, 0xfd, 0x00, 0x00, 0x00, 0xdb, 0xff, 0x15, 0xff,
  0xc8, 0x01, 0x40, 0x02, 0xdf, 0xff, 0x6e, 0x01, 0x0a, 0x01, 0x69, 0xfe,
  0x41, 0x00, 0xba, 0x02, 0x74, 0xfe, 0xfa, 0xfe, 0x87, 0xff, 0x70, 0x02,
  0xe1, 0xfe, 0xad, 0xfe, 0x6c, 0x02, 0x4a, 0x00, 0xd5, 0xfd, 0x5e, 0xfd,
  0xf2, 0x00, 0xad, 0xfe, 0x12, 0xff, 0xcb, 0x00, 0x80, 0xff, 0xdd, 0xff,
  0x0c, 0x00, 0xfa, 0xfe, 0x09, 0x00, 0x8c, 0xff, 0xad, 0x00, 0xc9, 0x00,
  0x1d, 0x00, 0xd5, 0xfe, 0x00, 0x02, 0x38, 0x05, 0xf7, 0x00, 0xdf, 0xfe,
  0xcc, 0xff, 0xab, 0x02, 0x5d, 0xfe, 0xb6, 0xfa, 0xa0, 0x00, 0x1f, 0x06,
  0x7a, 0x02, 0x7b, 0xfd, 0x1e, 0xfe, 0x6c, 0x00, 0xcb, 0xff, 0x82, 0xfc,
  0x3b, 0xfd, 0x34, 0x03, 0x49, 0x00, 0xfe, 0xff, 0xd1, 0xff, 0x2e, 0xff,
  0xce, 0xfe, 0xea, 0xfd, 0xd7, 0xfd, 0xe5, 0xfe, 0xa5, 0x01, 0x2a, 0x01,
  0x96, 0x02, 0x8a, 0x02, 0x04, 0xff, 0x58, 0xfc, 0x86, 0xfe, 0xee, 0xff,
  0x7e, 0xfc, 0x46, 0x00, 0xf0, 0x03, 0x23, 0x04, 0x6b, 0x00, 0xb0, 0xff,
  0xfd, 0x02, 0x53, 0xff, 0x92, 0xfc, 0xf0, 0x01, 0x22, 0x03, 0xc1, 0xfe,
  0xcd, 0xfd, 0x75, 0xff, 0x7d, 0x00, 0x89, 0x02, 0x0d, 0x00, 0x17, 0xff,
  0x3d, 0xfe, 0xd3, 0xfe, 0x42, 0xff, 0x07, 0x03, 0x35, 0xfe, 0xb3, 0xfe,
  0x42, 0x02, 0x23, 0x03, 0x5e, 0xfe, 0x01, 0x01, 0xf2, 0x01, 0x09, 0xfb,
  0xab, 0x00, 0xed, 0x01, 0x12, 0xfd, 0xf9, 0xfe, 0x0d, 0x01, 0xec, 0x03,
  0x65, 0x00, 0x8d, 0xfd, 0xd8, 0xfc, 0x49, 0x00, 0xbf, 0x01, 0x59, 0xfb,
  0x5f, 0xfc, 0xb3, 0x01, 0x9c, 0x02, 0xce, 0xff, 0x83, 0xff, 0xa2, 0x01,
  0xe2, 0x01, 0x97, 0xff, 0xfb, 0xfc, 0x97, 0xff, 0x87, 0xfe, 0x9e, 0x01,
  0x62, 0x03, 0x18, 0x04, 0x14, 0xff, 0x45, 0xff, 0x5e, 0xff, 0x42, 0xfe,
  0xf7, 0xfd, 0x77, 0xff, 0xa6, 0x00, 0x1a, 0x03, 0x19, 0x02, 0x76, 0xfd,
  0xd5, 0x00, 0x48, 0x01, 0xd8, 0x00, 0x23, 0x01, 0x4c, 0xf9, 0x4a, 0xfd,
  0x43, 0x06, 0x43, 0x04, 0x5f, 0xfe, 0xd1, 0xfe, 0x7c, 0x02, 0x2c, 0x00,
  0x41, 0xfe, 0xa5, 0xfd, 0x1c, 0xff, 0x77, 0x00, 0x88, 0x02, 0x38, 0x02,
  0xd3, 0xfd, 0xcc, 0xfe, 0x14, 0x00, 0x21, 0x00, 0x7c, 0xfc, 0xc1, 0xfd,
  0x7e, 0xfe, 0x3b, 0x02, 0xe8, 0x01, 0x38, 0xfd, 0x0b, 0xfc, 0x8d, 0x02,
  0x8e, 0x02, 0x45, 0xfe, 0x56, 0xf9, 0xd5, 0xff, 0xa4, 0x05, 0x4e, 0x01,
  0x99, 0xfd, 0x4f, 0x04, 0x9c, 0x05, 0x31, 0xfe, 0x42, 0xfc, 0x58, 0x01,
  0xb1, 0x04, 0xbb, 0x03, 0xbd, 0xfe, 0x36, 0xff, 0x8e, 0x00, 0x86, 0xfd,
  0x22, 0x02, 0xea, 0x00, 0x2f, 0xff, 0x8e, 0xfa, 0x1e, 0xfe, 0xfa, 0x00,
  0xa1, 0x02, 0x08, 0xff, 0xb7, 0x01, 0xa6, 0x01, 0x7d, 0xfe, 0x1c, 0xfe,
  0x9a, 0xfc, 0x61, 0x00, 0xc9, 0x00, 0x57, 0x01, 0x4e, 0x00, 0xd3, 0x00,
  0x9b, 0x01, 0x01, 0x00, 0x7b, 0xfc, 0xb7, 0xfc, 0xdb, 0xfc, 0xeb, 0xff,
  0x46, 0x03, 0x46, 0x00, 0x48, 0xff, 0xb1, 0x00, 0x0f, 0x02, 0xcd, 0xfc,
  0x12, 0xfc, 0x75, 0xfc, 0x60, 0x03, 0x1c, 0x06, 0x46, 0x02, 0xf2, 0x01,
  0xd5, 0x03, 0xe1, 0xfe, 0x00, 0xfe, 0xd5, 0xfc, 0xcc, 0xff, 0x9f, 0x03,
  0x19, 0xff, 0x6f, 0x01, 0xd1, 0x02, 0xcf, 0x01, 0x7d, 0x00, 0x07, 0x00,
  0xfb, 0x00, 0x08, 0xfd, 0x28, 0xfa, 0x9e, 0xfe, 0x99, 0x04, 0x01, 0x03,
  0x5c, 0xfe, 0x2f, 0xfe, 0x07, 0xff, 0x59, 0xfc, 0x59, 0xfa, 0xf7, 0xff,
  0xd2, 0x02, 0xc8, 0x01, 0x79, 0xfc, 0x6a, 0xfe, 0xaa, 0x04, 0x14, 0x02,
  0xf7, 0xfe, 0x18, 0xfd, 0xac, 0xfa, 0x8b, 0x00, 0x1e, 0x04, 0xf0, 0x01,
  0x92, 0x04, 0xcd, 0x02, 0xaf, 0xfd, 0x37, 0xfe, 0x60, 0xff, 0xa6, 0x01,
  0x8e, 0xfc, 0x6c, 0x00, 0x93, 0x05, 0xbb, 0xfe, 0x0b, 0x00, 0x4d, 0x03,
  0xf0, 0x04, 0xc7, 0xff, 0x49, 0xfa, 0x1d, 0xff, 0x00, 0xfe, 0xdc, 0xfc,
  0xb4, 0xfd, 0x39, 0x03, 0x74, 0x02, 0x9f, 0xfc, 0x3f, 0xff, 0xcf, 0x00,
  0xd1, 0xff, 0x1c, 0xfd, 0x3e, 0x01, 0xeb, 0x03, 0xb4, 0xff, 0xa6, 0xff,
  0x30, 0x02, 0xdd, 0x02, 0xda, 0x00, 0x71, 0xfd, 0x2d, 0xff, 0xa3, 0xfe,
  0xde, 0xfd, 0x3b, 0x01, 0x4a, 0x03, 0x37, 0x00, 0xfd, 0xfb, 0x43, 0xff,
  0x24, 0x02, 0x6b, 0x02, 0xb9, 0xfd, 0xab, 0xfb, 0x30, 0xfe, 0x22, 0x00,
  0x11, 0xfe, 0x86, 0xff, 0xdb, 0x02, 0x8e, 0x04, 0x8d, 0x00, 0x48, 0xfc,
  0x2d, 0xfe, 0x28, 0x01, 0xbf, 0x00, 0x51, 0x02, 0xbe, 0x00, 0x47, 0x01,
  0x9a, 0x02, 0x5c, 0x02, 0x43, 0x00, 0xbe, 0xff, 0x80, 0xfa, 0xdd, 0xfd,
  0x5d, 0x02, 0x11, 0xfe, 0x62, 0xfe, 0x08, 0x04, 0xb1, 0x04, 0x7d, 0xff,
  0xee, 0xfb, 0xf9, 0xfd, 0xae, 0xff, 0xba, 0x00, 0x9c, 0xfe, 0xcd, 0x00,
  0xa4, 0x01, 0x0a, 0x02, 0xa2, 0x01, 0x1f, 0xff, 0xbf, 0xfc, 0x4b, 0xfe,
  0x0f, 0xff, 0x10, 0xfd, 0x32, 0x00, 0x04, 0x02, 0x5e, 0x02, 0x57, 0x02,
  0x47, 0x00, 0xe8, 0xfc, 0x4c, 0xfc, 0x4a, 0xff, 0x1a, 0x00, 0x85, 0xff,
  0xc7, 0x03, 0x2a, 0x04, 0xb3, 0x00, 0xd5, 0xfd, 0x15, 0x01, 0x57, 0x00,
  0x4b, 0xfe, 0x90, 0xff, 0xb1, 0xfc, 0xf0, 0x01, 0xdf, 0x03, 0x43, 0x01,
  0x8c, 0x02, 0x1e, 0xfd, 0xfe, 0xfd, 0x1f, 0xfb, 0x45, 0xfe, 0x2a, 0xfe,
  0xbc, 0xff, 0xf1, 0x02, 0x70, 0x05, 0x62, 0x02, 0x44, 0x00, 0xf6, 0xff,
  0xa3, 0xfe, 0xfd, 0xfd, 0x29, 0xfe, 0xb4, 0xfe, 0x85, 0x00, 0xb3, 0x02,
  0x66, 0x05, 0xa3, 0x00, 0xd2, 0x00, 0x67, 0xfc, 0x4f, 0xfd, 0x4a, 0xfd,
  0x9b, 0xff, 0xd7, 0xff, 0x3c, 0x00, 0x32, 0x01, 0x4d, 0x03, 0x1f, 0x02,
  0xf0, 0xfd, 0x43, 0xfe, 0xd0, 0xfc, 0x76, 0xfd, 0x0c, 0xfb, 0xfd, 0xff,
  0xea, 0x06, 0xf1, 0x04, 0xdc, 0xfe, 0xaf, 0x00, 0xdf, 0xfb, 0x15, 0xff,
  0x6c, 0xfe, 0xbf, 0xfd, 0x8b, 0x01, 0xa7, 0x03, 0x3e, 0x03, 0x96, 0x01,
  0xd5, 0x01, 0x17, 0x01, 0x98, 0xfd, 0xf5, 0xff, 0x06, 0xfe, 0xa7, 0xfe,
  0xb2, 0x02, 0xd9, 0x02, 0xa1, 0x01, 0x43, 0x01, 0x37, 0xff, 0xba, 0xfd,
  0x86, 0xfd, 0x19, 0xfd, 0xd9, 0xfe, 0x74, 0x01, 0xab, 0x01, 0xd4, 0xfe,
  0x20, 0xff, 0xc6, 0x01, 0xc0, 0xfe, 0xc7, 0xfc, 0x07, 0xfd, 0x40, 0xfd,
  0xf6, 0xfe, 0xfe, 0x00, 0x3b, 0x01, 0x8c, 0x03, 0x3a, 0x02, 0x86, 0x01,
  0x26, 0x01, 0x06, 0xfe, 0x84, 0xfe, 0xa3, 0xff, 0x36, 0x03, 0x95, 0x01,
  0x39, 0x01, 0x09, 0x03, 0x75, 0x00, 0x0a, 0x00, 0x2e, 0xfe, 0x9e, 0xfd,
  0xd7, 0xfe, 0x5d, 0x00, 0x82, 0x02, 0xff, 0xff, 0x44, 0xfe, 0x75, 0x01,
  0xb7, 0xff, 0xde, 0xfe, 0x84, 0xfb, 0x70, 0xfc, 0x40, 0xfe, 0xe9, 0x00,
  0x72, 0x01, 0x4d, 0x02, 0xc9, 0x01, 0x53, 0x00, 0x01, 0x00, 0x53, 0xff,
  0xf5, 0xfc, 0xcf, 0xfd, 0xec, 0x01, 0x89, 0x04, 0xb2, 0x00, 0xe6, 0xfe,
  0x8d, 0x00, 0xa4, 0x01, 0xc4, 0xff, 0x3c, 0xfd, 0x75, 0xfe, 0xec, 0x01,
  0x08, 0x03, 0x86, 0x00, 0x5d, 0xff, 0x46, 0x01, 0x84, 0x01, 0xdc, 0xfe,
  0xc9, 0xfb, 0x91, 0xfc, 0xee, 0x01, 0x91, 0x04, 0x0b, 0x02, 0x3a, 0xfe,
  0x95, 0xfe, 0x58, 0x01, 0x7c, 0xff, 0x9b, 0xfe, 0xf3, 0xfc, 0x91, 0xfe,
  0xe4, 0x04, 0x90, 0x02, 0x7f, 0xfd, 0x52, 0xff, 0x06, 0x01, 0x90, 0x00,
  0x39, 0xfe, 0x05, 0xfd, 0x42, 0xff, 0xd5, 0x00, 0xd0, 0x01, 0x33, 0x00,
  0x6b, 0xff, 0xb9, 0xfe, 0x7a, 0x00, 0xf5, 0xff, 0x81, 0xfd, 0xf4, 0xfe,
  0x1f, 0x01, 0xf2, 0x02, 0x7b, 0x01, 0x9e, 0xfe, 0x68, 0xff, 0xa3, 0x02,
  0x2e, 0x01, 0x8e, 0x00, 0xee, 0xfe, 0xd1, 0xfd, 0x15, 0x00, 0x59, 0x01,
  0xb7, 0x01, 0x75, 0x00, 0x14, 0x01, 0xba, 0x01, 0xbe, 0xfd, 0xbf, 0xfc,
  0x8a, 0xfe, 0xc6, 0x00, 0x7f, 0x00, 0x8f, 0xfe, 0x03, 0x01, 0xb7, 0x02,
  0x4c, 0x00, 0xd7, 0xff, 0xcc, 0xff, 0x3f, 0xff, 0x10, 0xfd, 0xa9, 0xfd,
  0xf2, 0x00, 0x12, 0x01, 0xa1, 0x00, 0xb0, 0xff, 0xf2, 0x04, 0xc3, 0x00,
  0x2a, 0xfb, 0x9b, 0xfc, 0x9d, 0x02, 0x20, 0x02, 0xb0, 0xfc, 0xfe, 0xfe,
  0xef, 0x03, 0x12, 0x03, 0x8b, 0xfe, 0xb7, 0xfd, 0x4a, 0x00, 0x10, 0x01,
  0x69, 0xff, 0x4a, 0xfc, 0x60, 0x00, 0x10, 0x00, 0x09, 0x01, 0xde, 0x02,
  0x8a, 0x01, 0x3c, 0xfe, 0x82, 0xfc, 0x6c, 0xfd, 0x99, 0x01, 0xcb, 0x02,
  0x19, 0xfe, 0xc8, 0x01, 0x31, 0x04, 0xd6, 0xff, 0x1f, 0xfa, 0xb8, 0x00,
  0xa5, 0x06, 0x7e, 0x01, 0xeb, 0xfb, 0x89, 0xfe, 0x3e, 0x03, 0x46, 0x00,
  0x68, 0xfc, 0xf0, 0x00, 0xd0, 0x02, 0x39, 0x00, 0x7d, 0xfe, 0xb0, 0xfd,
  0x55, 0x00, 0x72, 0x01, 0x07, 0xfe, 0x61, 0xff, 0x4d, 0xfe, 0x65, 0xfd,
  0x41, 0xff, 0x74, 0x02, 0xac, 0x01, 0x22, 0xff, 0xcd, 0x00, 0x40, 0x00,
  0x25, 0xff, 0x3c, 0xfe, 0x12, 0x00, 0xfc, 0x02, 0xd0, 0x01, 0x20, 0xfe,
  0x37, 0xfd, 0xe5, 0x00, 0x89, 0x02, 0xf7, 0xff, 0x88, 0x00, 0xca, 0x00,
  0x7c, 0xfd, 0xea, 0xfd, 0x7b, 0x03, 0x50, 0x03, 0x0f, 0x00, 0x1f, 0x00,
  0x87, 0xfe, 0x56, 0x00, 0x37, 0xff, 0xbc, 0xfe, 0xcc, 0x00, 0x5f, 0x01,
  0x7d, 0xff, 0x47, 0xfd, 0xcb, 0x01, 0x89, 0x02, 0x77, 0x00, 0x97, 0xfe,
  0xb4, 0xfe, 0x58, 0xfe, 0x2f, 0xfe, 0xa0, 0xff, 0x30, 0x02, 0x09, 0x01,
  0x7d, 0xfe, 0x81, 0xff, 0x7a, 0xfe, 0xf3, 0xfd, 0x73, 0xff, 0xb8, 0x00,
  0x90, 0x00, 0x69, 0xff, 0xd1, 0x00, 0x13, 0x02, 0xb4, 0x02, 0x48, 0x00,
  0x34, 0xfd, 0x34, 0xfd, 0xd5, 0x01, 0x56, 0x02, 0x04, 0x01, 0x13, 0x01,
  0xcb, 0x00, 0x3c, 0x01, 0x54, 0xfe, 0x03, 0x00, 0xd6, 0x00, 0xcd, 0x00,
  0x53, 0x00, 0xad, 0xff, 0xee, 0xfd, 0x6a, 0xfe, 0x2a, 0xff, 0x77, 0x02,
  0xd1, 0x00, 0x72, 0xfb, 0x2a, 0xfe, 0x7d, 0x03, 0xa4, 0x01, 0x9d, 0xfc,
  0x21, 0xff, 0x3b, 0x03, 0x3d, 0x01, 0x33, 0xfd, 0xc3, 0xfd, 0x19, 0x01,
  0xc4, 0x02, 0x1d, 0x02, 0xd0, 0xfe, 0x46, 0x00, 0x5f, 0xff, 0x5d, 0xfd,
  0xbf, 0xff, 0xf4, 0x00, 0xc2, 0xfe, 0x4d, 0xff, 0x31, 0x01, 0x47, 0x02,
  0xa0, 0xff, 0x97, 0xfe, 0x93, 0x01, 0xfb, 0xff, 0x6d, 0x00, 0xf2, 0xfc,
  0x52, 0xff, 0x9e, 0x02, 0xa0, 0x00, 0x99, 0xff, 0xca, 0x00, 0x1a, 0x00,
  0x2d, 0xff, 0xb6, 0xfe, 0xa8, 0x00, 0xa4, 0xff, 0x2b, 0xfe, 0xa4, 0x00,
  0xd4, 0x03, 0x40, 0x01, 0xe8, 0xfb, 0x90, 0xff, 0x01, 0x04, 0xa0, 0x01,
  0x73, 0xfa, 0xb0, 0xfe, 0xb1, 0x03, 0x4e, 0x02, 0x71, 0xfe, 0xe3, 0xfd,
  0x79, 0x02, 0x0d, 0x02, 0x0f, 0x00, 0xc8, 0xfd, 0x82, 0xfc, 0xe9, 0xff,
  0xc4, 0x01, 0x34, 0x01, 0xfb, 0xfe, 0x03, 0x00, 0x8f, 0x01, 0x6b, 0xff,
  0x4e, 0xfe, 0x4f, 0xfe, 0x88, 0x00, 0xf9, 0x00, 0x8d, 0xff, 0x72, 0xff,
  0x3a, 0x01, 0x3c, 0x00, 0xe8, 0x00, 0xec, 0xff, 0x9d, 0xff, 0x64, 0xfe,
  0x93, 0xfe, 0x40, 0x01, 0x89, 0x02, 0x61, 0xff, 0x0b, 0x00, 0x72, 0xff,
  0x21, 0x00, 0x0c, 0x00, 0x9b, 0xfd, 0xa1, 0xff, 0x5b, 0x01, 0xb2, 0x01,
  0x0d, 0xff, 0x61, 0xfe, 0xa1, 0x00, 0x8b, 0x02, 0xa0, 0x00, 0x1b, 0xfe,
  0xf7, 0xff, 0x5b, 0x01, 0x3d, 0xff, 0x31, 0x00, 0xe5, 0xff, 0x47, 0x00,
  0xe3, 0xff, 0x7b, 0x00, 0x8e, 0x02, 0x86, 0x00, 0xe7, 0xfd, 0x9a, 0xff,
  0xf6, 0x01, 0x0d, 0x00, 0x08, 0xfc, 0xc7, 0xfe, 0xc9, 0x02, 0xa9, 0x01,
  0x2b, 0xfe, 0xca, 0xfd, 0x01, 0x01, 0x23, 0x00, 0x96, 0xfd, 0x36, 0xfd,
  0x28, 0x00, 0x5b, 0x00, 0xd6, 0x02, 0xd4, 0x02, 0xb8, 0xfe, 0x71, 0xfe,
  0x0e, 0x00, 0x71, 0x02, 0x86, 0xff, 0xa8, 0xfd, 0x47, 0x01, 0x7d, 0x02,
  0x43, 0x00, 0xa2, 0x00, 0xce, 0x00, 0xfb, 0xfe, 0x70, 0xff, 0xc0, 0xfe,
  0x81, 0xff, 0x79, 0xff, 0x62, 0x00, 0x18, 0x03, 0x88, 0x01, 0x4e, 0xff,
  0xbf, 0xfc, 0xb0, 0xfe, 0x88, 0xff, 0x4a, 0xff, 0xdb, 0xff, 0x25, 0xff,
  0xcc, 0x00, 0xbc, 0x02, 0xe1, 0x00, 0xc6, 0xfe, 0xfe, 0xfe, 0x9f, 0xff,
  0x89, 0xfe, 0x48, 0xff, 0xbe, 0xff, 0xce, 0x00, 0x1f, 0x03, 0x29, 0x02,
  0x76, 0xff, 0x10, 0xfe, 0xf5, 0xfd, 0x2c, 0x01, 0xf5, 0x00, 0xed, 0xff,
  0xc9, 0xfd, 0x5a, 0x01, 0x51, 0x05, 0x35, 0x02, 0x30, 0xff, 0x8e, 0xfc,
  0xae, 0xff, 0x3d, 0x00, 0xd7, 0xfe, 0xc5, 0xfd, 0xc6, 0xff, 0x6b, 0x04,
  0x1e, 0x02, 0x28, 0xfd, 0xb2, 0xfc, 0x8e, 0xff, 0x5e, 0x01, 0xfa, 0x00,
  0x64, 0xfc, 0x7d, 0xfe, 0x92, 0x02, 0x8b, 0x01, 0x59, 0xff, 0x56, 0xfe,
  0x0a, 0x00, 0xb9, 0x02, 0xbe, 0xfe, 0xfd, 0xfc, 0xb8, 0xfe, 0xf9, 0x03,
  0x44, 0x02, 0x07, 0xff, 0x1e, 0x00, 0xc0, 0x00, 0x55, 0xff, 0x60, 0xfe,
  0xd7, 0x01, 0xa3, 0x02, 0x89, 0x00, 0xc7, 0xfe, 0x0e, 0x00, 0x3d, 0x01,
  0x94, 0xfe, 0x7d, 0xfe, 0x9b, 0x01, 0xdb, 0xff, 0xbe, 0xfc, 0x16, 0x00,
  0xc4, 0x02, 0x30, 0x00, 0x6a, 0xfd, 0xe6, 0xff, 0xf4, 0x01, 0x6d, 0xff,
  0x43, 0xfd, 0xbb, 0xfe, 0x11, 0x01, 0x53, 0x01, 0x46, 0xff, 0x1a, 0xff,
  0x43, 0x01, 0x39, 0x02, 0x99, 0xfd, 0x35, 0xfe, 0x66, 0x00, 0xd3, 0x01,
  0xd3, 0x00, 0x6b, 0xfe, 0x1e, 0x01, 0xeb, 0x03, 0x2d, 0x00, 0xd8, 0xfc,
  0xbe, 0xff, 0xdb, 0x00, 0xfb, 0xfe, 0x71, 0xfe, 0x7a, 0x00, 0x79, 0x02,
  0xbf, 0x00, 0xea, 0xff, 0x5f, 0xff, 0x18, 0x00, 0x62, 0xfe, 0xe0, 0xfd,
  0x48, 0x00, 0x15, 0x02, 0x2b, 0x00, 0x86, 0xff, 0x99, 0x01, 0xe4, 0x01,
  0x83, 0xff, 0x31, 0xfd, 0x76, 0xff, 0x4e, 0x01, 0x3d, 0x00, 0x8d, 0xfe,
  0x1f, 0x01, 0x80, 0x02, 0x22, 0x00, 0xe9, 0xfc, 0x2e, 0xfe, 0x3f, 0x01,
  0x06, 0x00, 0xa8, 0xfe, 0x03, 0x00, 0x00, 0x02, 0xb4, 0x00, 0xbd, 0xfe,
  0xf9, 0xfe, 0x89, 0x00, 0x65, 0x00, 0x7b, 0xfe, 0xd2, 0xff, 0x5d, 0x02,
  0xd5, 0xff, 0xf1, 0xfe, 0xae, 0xff, 0x07, 0x01, 0xfb, 0xff, 0x69, 0xff,
  0x56, 0x00, 0x74, 0x01, 0x7d, 0xff, 0x56, 0xff, 0x0e, 0x01, 0xe6, 0x00,
  0xb8, 0xff, 0x25, 0xff, 0x03, 0x00, 0x58, 0x01, 0x2b, 0x00, 0x7b, 0xff,
  0xe7, 0xfe, 0x9d, 0xff, 0x7f, 0xff, 0x3d, 0xff, 0x62, 0x00, 0x79, 0x01,
  0x14, 0x00, 0x82, 0xff, 0x21, 0x00, 0xab, 0x00, 0x11, 0xff, 0xaf, 0xfe,
  0x84, 0xff, 0x13, 0x01, 0x11, 0x01, 0x64, 0xff, 0xeb, 0xff, 0x6e, 0x01,
  0xa9, 0x00, 0xc6, 0xfe, 0x0c, 0xff, 0x0c, 0x00, 0x3f, 0x00, 0x52, 0xff,
  0x48, 0xff, 0x7b, 0x00, 0x8d, 0x01, 0x14, 0x00, 0xa0, 0xff, 0x41, 0x00,
  0xaa, 0x00, 0x28, 0xff, 0xa4, 0xfe, 0x53, 0x00, 0x59, 0x00, 0x72, 0xff,
  0x23, 0x00, 0xf5, 0x00, 0x1d, 0x01, 0x44, 0xff, 0x1c, 0xff, 0xb5, 0x00,
  0x31, 0x00, 0xac, 0xfe, 0x9a, 0xfe, 0x43, 0x01, 0x3a, 0x01, 0x45, 0xff,
  0xcd, 0xfe, 0x56, 0x01, 0x3c, 0x01, 0xe1, 0xfe, 0x03, 0xff, 0x11, 0x01,
  0x74, 0x01, 0x81, 0xff, 0x8b, 0xfe, 0xd5, 0x00, 0x41, 0x01, 0xdd, 0xfe,
  0xe6, 0xfe, 0xeb, 0x00, 0xec, 0x00, 0xae, 0xfe, 0x14, 0xff, 0x72, 0x01,
  0x3b, 0x01, 0x6e, 0xff, 0xfe, 0xfe, 0x71, 0x00, 0xcf, 0x00, 0x3b, 0xff,
  0x93, 0xfe, 0x91, 0x00, 0xb7, 0x00, 0x52, 0xff, 0x5c, 0xff, 0xfd, 0x00,
  0xd9, 0x00, 0x44, 0xff, 0x4e, 0xff, 0x93, 0x00, 0xe5, 0x00, 0x12, 0xff,
  0x07, 0xff, 0xfa, 0x00, 0xa7, 0x00, 0xe0, 0xfe, 0x32, 0xff, 0xcc, 0x00,
  0x48, 0x01, 0x6a, 0xff, 0xb0, 0xff, 0xd4, 0x00, 0x51, 0x00, 0x8a, 0xfe,
  0x9e, 0xff, 0x85, 0x00, 0xde, 0x00, 0x5b, 0xff, 0xcc, 0xff, 0x9f, 0x00,
  0x4b, 0x00, 0x18, 0xff, 0xaa, 0xff, 0x98, 0x00, 0x28, 0x00, 0xbc, 0xff,
  0xca, 0xff, 0x77, 0x00, 0xc1, 0xff, 0x09, 0x00, 0x09, 0x00, 0x55, 0x00,
  0xeb, 0xff, 0xf0, 0xff, 0xd4, 0xff, 0xfa, 0xff, 0xf7, 0xff, 0x11, 0x00,
  0xf2, 0xff, 0x0f, 0x00, 0x00, 0x00, 0xcd, 0xff, 0x24, 0x00, 0x1a, 0x00,
  0xd8, 0xff, 0xfd, 0xff, 0x04, 0x00, 0xcb, 0xff, 0x39, 0x00, 0x87, 0x00,
  0x2b, 0x00, 0xb9, 0xff, 0x0c, 0x00, 0x2d, 0x00, 0xd5, 0xff, 0x7f, 0xff,
  0xc1, 0xff, 0x81, 0x00, 0x4b, 0x00, 0xfb, 0xff, 0xcb, 0xff, 0x42, 0x00,
  0xe4, 0xff, 0xf7, 0xff, 0xdd, 0xff, 0x21, 0x00, 0x02, 0x00, 0xf5, 0xff,
  0xd1, 0xff, 0x07, 0x00, 0xf5, 0xff, 0xa6, 0xff, 0xe4, 0xff, 0x6b, 0x00,
  0x0a, 0x00, 0xa7, 0xff, 0x14, 0x00, 0x75, 0x00, 0x10, 0x00, 0xc6, 0xff,
  0xea, 0xff, 0x4a, 0x00, 0xe4, 0xff, 0x96, 0xff, 0x01, 0x00, 0x75, 0x00,
  0x1c, 0x00, 0x9c, 0xff, 0x13, 0x00, 0x2b, 0x00, 0x1e, 0x00, 0xc6, 0xff,
  0xd0, 0xff, 0x2e, 0x00, 0x40, 0x00, 0xf6, 0xff, 0xbb, 0xff, 0x31, 0x00,
  0x15, 0x00, 0x02, 0x00, 0x0c, 0x00, 0x00, 0x00, 0xec, 0xff, 0xd8, 0xff,
  0xc1, 0xff, 0x1f, 0x00, 0x1f, 0x00, 0xc1, 0xff, 0xef, 0xff, 0x1f, 0x00,
  0x32, 0x00, 0x02, 0x00, 0xe8, 0xff, 0x02, 0x00, 0xf9, 0xff, 0xdd, 0xff,
  0xf2, 0xff, 0x07, 0x00, 0x10, 0x00, 0xef, 0xff, 0xf5, 0xff, 0x10, 0x00,
  0x37, 0x00, 0x08, 0x00, 0xc5, 0xff, 0x04, 0x00, 0x36, 0x00, 0xfa, 0xff,
  0xd6, 0xff, 0x00, 0x00, 0x21, 0x00, 0x0d, 0x00, 0xf9, 0xff, 0x0b, 0x00,
  0x11, 0x00, 0xf4, 0xff, 0xf1, 0xff, 0x07, 0x00, 0x0a, 0x00, 0xf5, 0xff,
  0xf3, 0xff, 0x12, 0x00, 0x18, 0x00, 0xfb, 0xff, 0xf6, 0xff, 0x01, 0x00,
  0x05, 0x00, 0xf7, 0xff, 0xf2, 0xff, 0x00, 0x00, 0x07, 0x00, 0xfe, 0xff,
  0xff, 0xff, 0x02, 0x00, 0x03, 0x00, 0xfe, 0xff, 0xfe, 0xff, 0x00, 0x00,
  0x00, 0x00, 0x00, 0x00
};
const unsigned int vocab_out_len = 19000;
